Sample	Strain	Coverage	MeanDepth
PMLBSc001	NC_002978.6	92.1785	10.653
PMLBSc001	NC_006833.1	0.450058	0.0147285
PMLBSc001	NC_012416.1	43.732	2.31017
PMLBSc001	NC_010981.1	7.19064	0.626371
PMLBSc001	NC_018267.1	0.252403	0.00571092
PMLBSc001	NC_021084.1	4.96773	0.596931
PMLBSc001	NC_021089.1	42.6324	2.30908
PMLBSc001	NZ_HG810405.1	0.116488	0.00947515
PMLBSc001	NZ_AP013028.1	0.809161	0.0295466
PMLBSc001	NZ_CM003641.1	0.644465	0.0177164
PMLBSc001	NZ_CP031221.1	3.71461	0.408601
PMLBSc001	NZ_CP037426.1	49.7998	2.76393
PMLBSc002	NC_002978.6	96.2165	35.0981
PMLBSc002	NC_006833.1	2.93338	0.054431
PMLBSc002	NC_012416.1	56.9157	8.27472
PMLBSc002	NC_010981.1	83.9929	9.62896
PMLBSc002	NC_018267.1	1.10419	0.0156703
PMLBSc002	NC_021084.1	88.0398	11.0732
PMLBSc002	NC_021089.1	56.0856	9.2198
PMLBSc002	NZ_HG810405.1	1.16696	0.0348526
PMLBSc002	NZ_AP013028.1	7.0375	0.259129
PMLBSc002	NZ_CM003641.1	12.697	0.482284
PMLBSc002	NZ_CP031221.1	38.7675	3.13188
PMLBSc002	NZ_CP037426.1	63.2591	9.38919
PMLBSc003	NC_002978.6	3.86273	0.193874
PMLBSc003	NC_006833.1	0.429874	0.00763367
PMLBSc003	NC_012416.1	4.40115	0.291907
PMLBSc003	NC_010981.1	80.5972	9.85899
PMLBSc003	NC_018267.1	0.158352	0.00196244
PMLBSc003	NC_021084.1	26.2782	1.49677
PMLBSc003	NC_021089.1	3.89712	0.36416
PMLBSc003	NZ_HG810405.1	0.34228	0.0100883
PMLBSc003	NZ_AP013028.1	0.879958	0.0320849
PMLBSc003	NZ_CM003641.1	10.0034	0.421094
PMLBSc003	NZ_CP031221.1	29.166	1.60716
PMLBSc003	NZ_CP037426.1	5.41123	0.497328
PMLBSc004	NC_002978.6	2.00957	0.0529089
PMLBSc004	NC_006833.1	0.137952	0.00175542
PMLBSc004	NC_012416.1	2.38043	0.0714233
PMLBSc004	NC_010981.1	70.5796	2.6752
PMLBSc004	NC_018267.1	0.0644057	0.00101984
PMLBSc004	NC_021084.1	15.6942	0.419585
PMLBSc004	NC_021089.1	2.1112	0.0829809
PMLBSc004	NZ_HG810405.1	0.104932	0.010259
PMLBSc004	NZ_AP013028.1	0.397581	0.00857319
PMLBSc004	NZ_CM003641.1	5.10421	0.119054
PMLBSc004	NZ_CP031221.1	16.5077	0.417385
PMLBSc004	NZ_CP037426.1	3.19199	0.121572
PMLBSc005	NC_002978.6	96.0565	37.103
PMLBSc005	NC_006833.1	1.78884	0.0379017
PMLBSc005	NC_012416.1	56.6099	9.17303
PMLBSc005	NC_010981.1	85.2578	12.8456
PMLBSc005	NC_018267.1	0.596248	0.00711385
PMLBSc005	NC_021084.1	88.0445	12.3459
PMLBSc005	NC_021089.1	55.1519	10.176
PMLBSc005	NZ_HG810405.1	0.687995	0.0274209
PMLBSc005	NZ_AP013028.1	5.39902	0.244655
PMLBSc005	NZ_CM003641.1	12.3311	0.560624
PMLBSc005	NZ_CP031221.1	39.3585	3.78462
PMLBSc005	NZ_CP037426.1	62.1981	10.1717
PMLBSc006	NC_002978.6	0.00339175	6.70462e-05
PMLBSc006	NC_006833.1	0.0141656	0.000372193
PMLBSc006	NC_012416.1	0.00297398	8.78362e-05
PMLBSc006	NC_018267.1	0.014092	0.000231735
PMLBSc006	NC_021084.1	0.014979	0.000533867
PMLBSc006	NC_021089.1	0.0033184	3.3184e-05
PMLBSc006	NZ_HG810405.1	0.0489268	0.00978641
PMLBSc006	NZ_AP013028.1	0.00343983	0.000136793
PMLBSc006	NZ_CP031221.1	0.0203503	0.000226414
PMLBSc006	NZ_CP037426.1	0.0109439	0.00177025
PMLBSc006	NC_010981.1	0	0
PMLBSc006	NZ_CM003641.1	0	0
PMLBSc007	NC_002978.6	0.11461	0.00124706
PMLBSc007	NC_006833.1	0.0137026	0.000208317
PMLBSc007	NC_012416.1	0.0219936	0.000321605
PMLBSc007	NC_010981.1	0.0124793	0.000404734
PMLBSc007	NC_018267.1	0.0108561	0.00462635
PMLBSc007	NC_021084.1	0.0122905	0.000122905
PMLBSc007	NC_021089.1	0.0261614	0.000290167
PMLBSc007	NZ_HG810405.1	0.0759927	0.00995505
PMLBSc007	NZ_AP013028.1	0.0165592	0.000165592
PMLBSc007	NZ_CM003641.1	0.0180806	0.000981647
PMLBSc007	NZ_CP031221.1	0.00289756	5.66035e-05
PMLBSc007	NZ_CP037426.1	0.0212962	0.000334971
PMLBSc008	NC_002978.6	0.00339175	6.7835e-05
PMLBSc008	NC_006833.1	0.00398117	0.000236093
PMLBSc008	NC_012416.1	0.00352728	3.52728e-05
PMLBSc008	NC_010981.1	0.00526154	0.000209787
PMLBSc008	NC_018267.1	0.00365348	0.000546979
PMLBSc008	NC_021089.1	0.00324123	0.000370426
PMLBSc008	NZ_HG810405.1	0.0106182	0.0269566
PMLBSc008	NZ_AP013028.1	0.0083996	0.000167992
PMLBSc008	NZ_CM003641.1	0.00379253	0.000224024
PMLBSc008	NZ_CP037426.1	0.0183384	0.000278773
PMLBSc008	NC_021084.1	0	0
PMLBSc008	NZ_CP031221.1	0	0
PMLBSc009	NC_002978.6	0.0355739	0.000478
PMLBSc009	NC_006833.1	0.0331456	0.000633284
PMLBSc009	NC_012416.1	0.0297398	0.000495203
PMLBSc009	NC_010981.1	0.012884	0.00012884
PMLBSc009	NC_018267.1	0.0757837	0.00102506
PMLBSc009	NC_021084.1	0.0163617	0.000163617
PMLBSc009	NZ_HG810405.1	0.08151	0.00307094
PMLBSc009	NZ_AP013028.1	0.0267987	0.000519175
PMLBSc009	NZ_CM003641.1	0.043129	0.000713524
PMLBSc009	NZ_CP037426.1	0.013458	0.000216659
PMLBSc009	NC_021089.1	0	0
PMLBSc009	NZ_CP031221.1	0	0
PMLBSc010	NC_002978.6	0.0558456	0.00142454
PMLBSc010	NC_006833.1	0.0500887	0.00176653
PMLBSc010	NC_012416.1	0.0452322	0.000764244
PMLBSc010	NC_010981.1	0.0325136	0.000366959
PMLBSc010	NC_018267.1	0.168582	0.00399482
PMLBSc010	NC_021084.1	0.0489314	0.00100474
PMLBSc010	NC_021089.1	0.0267787	0.000413643
PMLBSc010	NZ_HG810405.1	0.0766173	0.0116446
PMLBSc010	NZ_AP013028.1	0.0700766	0.00254308
PMLBSc010	NZ_CM003641.1	0.0513314	0.000798194
PMLBSc010	NZ_CP031221.1	0.0307276	0.000307276
PMLBSc010	NZ_CP037426.1	0.0684732	0.00498168
PMLBSc011	NC_002978.6	96.0228	51.6272
PMLBSc011	NC_006833.1	4.19134	0.0717861
PMLBSc011	NC_012416.1	57.1566	10.9467
PMLBSc011	NC_010981.1	23.9138	3.22281
PMLBSc011	NC_018267.1	1.83728	0.029589
PMLBSc011	NC_021084.1	66.5026	4.55323
PMLBSc011	NC_021089.1	57.3583	11.0079
PMLBSc011	NZ_HG810405.1	1.46874	0.029989
PMLBSc011	NZ_AP013028.1	5.07232	0.163267
PMLBSc011	NZ_CM003641.1	5.95056	0.158314
PMLBSc011	NZ_CP031221.1	16.5366	2.18181
PMLBSc011	NZ_CP037426.1	64.2849	13.2354
PMLBSc012	NC_002978.6	0.058133	0.00128887
PMLBSc012	NC_006833.1	0.0989738	0.00332196
PMLBSc012	NC_012416.1	0.0584422	0.000607937
PMLBSc012	NC_010981.1	0.0815539	0.00146649
PMLBSc012	NC_018267.1	0.131525	0.00377353
PMLBSc012	NC_021084.1	0.0430166	0.000430166
PMLBSc012	NC_021089.1	0.0471522	0.000756287
PMLBSc012	NZ_HG810405.1	0.240887	0.00819472
PMLBSc012	NZ_AP013028.1	0.0948754	0.00185191
PMLBSc012	NZ_CM003641.1	0.110865	0.00206384
PMLBSc012	NZ_CP031221.1	0.0538407	0.00093261
PMLBSc012	NZ_CP037426.1	0.0624097	0.00112692
PMLBSc013	NC_002978.6	2.14012	0.0526826
PMLBSc013	NC_006833.1	0.0723092	0.00157117
PMLBSc013	NC_012416.1	2.65528	0.0809981
PMLBSc013	NC_010981.1	70.4134	2.72452
PMLBSc013	NC_018267.1	0.0424848	0.000621092
PMLBSc013	NC_021084.1	15.0277	0.392397
PMLBSc013	NC_021089.1	2.53534	0.101301
PMLBSc013	NZ_HG810405.1	0.0245675	0.00579835
PMLBSc013	NZ_AP013028.1	0.42582	0.00745884
PMLBSc013	NZ_CM003641.1	5.06928	0.110962
PMLBSc013	NZ_CP031221.1	17.3573	0.452201
PMLBSc013	NZ_CP037426.1	3.30683	0.117454
PMLBSc014	NC_002978.6	0.0288693	0.000430673
PMLBSc014	NC_006833.1	0.00398117	7.96234e-05
PMLBSc014	NC_012416.1	0.0251751	0.000251751
PMLBSc014	NC_010981.1	0.043374	0.000656344
PMLBSc014	NC_018267.1	0.0808985	0.00114093
PMLBSc014	NC_021084.1	0.014979	0.00052004
PMLBSc014	NZ_HG810405.1	0.0205076	0.00526848
PMLBSc014	NZ_AP013028.1	0.00343983	0.000136793
PMLBSc014	NZ_CM003641.1	0.0291936	0.000329862
PMLBSc014	NZ_CP037426.1	0.0218138	0.00234554
PMLBSc014	NC_021089.1	0	0
PMLBSc014	NZ_CP031221.1	0	0
PMLBSc015	NC_002978.6	0.00339175	0.00027134
PMLBSc015	NC_006833.1	0.00398117	0.000157395
PMLBSc015	NC_012416.1	0.0162532	0.000162532
PMLBSc015	NC_018267.1	0.0244261	0.00317749
PMLBSc015	NC_021084.1	0.022891	0.000416339
PMLBSc015	NC_021089.1	0.0033184	0.000131964
PMLBSc015	NZ_HG810405.1	0.0708919	0.012569
PMLBSc015	NZ_AP013028.1	0.00343983	0.000132794
PMLBSc015	NZ_CM003641.1	0.0143763	0.000358085
PMLBSc015	NZ_CP031221.1	0.00599728	0.000170484
PMLBSc015	NZ_CP037426.1	0.00317964	6.28534e-05
PMLBSc015	NC_010981.1	0	0
PMLBSc016	NC_002978.6	0.0240578	0.000382558
PMLBSc016	NC_006833.1	0.0475889	0.00115824
PMLBSc016	NC_012416.1	0.0458546	0.000708914
PMLBSc016	NC_010981.1	0.0331207	0.000331207
PMLBSc016	NC_018267.1	0.0403971	0.000542803
PMLBSc016	NC_021084.1	0.0350278	0.000463197
PMLBSc016	NC_021089.1	0.0033184	6.63681e-05
PMLBSc016	NZ_HG810405.1	0.058504	0.0172243
PMLBSc016	NZ_AP013028.1	0.041998	0.000859959
PMLBSc016	NZ_CM003641.1	0.0820244	0.000974591
PMLBSc016	NZ_CP031221.1	0.0320079	0.000439351
PMLBSc016	NZ_CP037426.1	0.0132362	0.000263245
PMLBSc017	NC_002978.6	0.0487466	0.000487466
PMLBSc017	NC_006833.1	0.0760126	0.00137582
PMLBSc017	NC_012416.1	0.0389384	0.000457855
PMLBSc017	NC_010981.1	0.0337953	0.000366959
PMLBSc017	NC_018267.1	0.12902	0.00251046
PMLBSc017	NC_021084.1	0.0479328	0.000906421
PMLBSc017	NC_021089.1	0.0504706	0.00120311
PMLBSc017	NZ_HG810405.1	0.0792198	0.00326561
PMLBSc017	NZ_AP013028.1	0.062317	0.00118474
PMLBSc017	NZ_CM003641.1	0.0355439	0.000493028
PMLBSc017	NZ_CP031221.1	0.0480456	0.000649593
PMLBSc017	NZ_CP037426.1	0.0445889	0.00335563
PMLBSc018	NC_002978.6	0.00828218	0.000162489
PMLBSc018	NC_006833.1	0.0388859	0.000661986
PMLBSc018	NC_012416.1	0.00297398	5.8788e-05
PMLBSc018	NC_010981.1	0.00290059	5.80119e-05
PMLBSc018	NC_018267.1	0.0456163	0.00140398
PMLBSc018	NC_021084.1	0.0172835	0.000422484
PMLBSc018	NC_021089.1	0.0033184	6.63681e-05
PMLBSc018	NZ_HG810405.1	0.0183215	0.0112594
PMLBSc018	NZ_CM003641.1	0.0114658	0.000209912
PMLBSc018	NZ_CP031221.1	0.0113207	0.000113207
PMLBSc018	NZ_CP037426.1	0.0252892	0.00355454
PMLBSc018	NZ_AP013028.1	0	0
PMLBSc019	NC_002978.6	0.12163	0.00488491
PMLBSc019	NC_006833.1	0.192115	0.0103927
PMLBSc019	NC_012416.1	0.122625	0.00461244
PMLBSc019	NC_010981.1	0.0940332	0.0022827
PMLBSc019	NC_018267.1	0.213781	0.0142298
PMLBSc019	NC_021084.1	0.136347	0.00319321
PMLBSc019	NC_021089.1	0.0706125	0.00098163
PMLBSc019	NZ_HG810405.1	0.254836	0.0252046
PMLBSc019	NZ_AP013028.1	0.20423	0.00783402
PMLBSc019	NZ_CM003641.1	0.123125	0.00172075
PMLBSc019	NZ_CP031221.1	0.0803231	0.00121158
PMLBSc019	NZ_CP037426.1	0.153584	0.00943244
PMLBSc020	NC_002978.6	94.961	59.6293
PMLBSc020	NC_006833.1	3.88886	0.060873
PMLBSc020	NC_012416.1	55.1322	11.6421
PMLBSc020	NC_010981.1	10.261	1.73741
PMLBSc020	NC_018267.1	1.32058	0.0207236
PMLBSc020	NC_021084.1	6.69162	1.19524
PMLBSc020	NC_021089.1	56.4203	12.5612
PMLBSc020	NZ_HG810405.1	1.70484	0.0450158
PMLBSc020	NZ_AP013028.1	4.22268	0.174417
PMLBSc020	NZ_CM003641.1	3.09708	0.0936551
PMLBSc020	NZ_CP031221.1	5.42457	1.04832
PMLBSc020	NZ_CP037426.1	62.0275	13.7669
PMLBSc021	NC_002978.6	0.00339175	0.000203505
PMLBSc021	NC_006833.1	0.0362935	0.0026035
PMLBSc021	NC_012416.1	0.00297398	0.000296015
PMLBSc021	NC_010981.1	0.00290059	0.000114675
PMLBSc021	NC_018267.1	0.00386225	0.000106473
PMLBSc021	NC_021084.1	0.00330306	0.000198184
PMLBSc021	NC_021089.1	0.0033184	0.000227658
PMLBSc021	NZ_HG810405.1	0.00603778	0.00758158
PMLBSc021	NZ_AP013028.1	0.00343983	0.000783162
PMLBSc021	NZ_CM003641.1	0.00379253	0.000889921
PMLBSc021	NZ_CP037426.1	0.0160461	0.000799347
PMLBSc021	NZ_CP031221.1	0	0
PMLBSc022	NC_002978.6	0.0414109	0.000466957
PMLBSc022	NC_006833.1	0.0448113	0.00802623
PMLBSc022	NC_012416.1	0.0435723	0.000507652
PMLBSc022	NC_010981.1	0.0501196	0.00088974
PMLBSc022	NC_018267.1	0.071817	0.00150837
PMLBSc022	NC_021084.1	0.0136731	0.000136731
PMLBSc022	NC_021089.1	0.0509336	0.000628953
PMLBSc022	NZ_HG810405.1	0.0684976	0.00754514
PMLBSc022	NZ_AP013028.1	0.0235189	0.000683167
PMLBSc022	NZ_CM003641.1	0.0450693	0.00131327
PMLBSc022	NZ_CP031221.1	0.0276279	0.000369944
PMLBSc022	NZ_CP037426.1	0.0218138	0.000460678
PMLBSc023	NC_002978.6	5.83547	0.0840058
PMLBSc023	NC_006833.1	0.0511071	0.00910022
PMLBSc023	NC_012416.1	1.42391	0.0173978
PMLBSc023	NC_010981.1	0.194137	0.00306384
PMLBSc023	NC_018267.1	0.0251568	0.000416497
PMLBSc023	NC_021084.1	0.133121	0.00308106
PMLBSc023	NC_021089.1	1.34928	0.0177342
PMLBSc023	NZ_HG810405.1	0.0675607	0.0132311
PMLBSc023	NZ_AP013028.1	0.0319985	0.000879958
PMLBSc023	NZ_CM003641.1	0.0151701	0.000762033
PMLBSc023	NZ_CP031221.1	0.108625	0.00152021
PMLBSc023	NZ_CP037426.1	1.55869	0.0206913
PMLBSc024	NC_002978.6	0.301393	0.0178974
PMLBSc024	NC_006833.1	0.259147	0.0245435
PMLBSc024	NC_012416.1	0.221735	0.0111476
PMLBSc024	NC_010981.1	0.181793	0.00686564
PMLBSc024	NC_018267.1	0.306057	0.0380495
PMLBSc024	NC_021084.1	0.127053	0.00345131
PMLBSc024	NC_021089.1	0.173483	0.00532025
PMLBSc024	NZ_HG810405.1	0.27982	0.13584
PMLBSc024	NZ_AP013028.1	0.239828	0.017012
PMLBSc024	NZ_CM003641.1	0.182747	0.0101225
PMLBSc024	NZ_CP031221.1	0.126617	0.00483151
PMLBSc024	NZ_CP037426.1	0.180352	0.014213
PMLBSc025	NC_002978.6	0.00339175	6.7835e-05
PMLBSc025	NC_006833.1	0.0474963	0.00154618
PMLBSc025	NC_012416.1	0.0150082	0.000237919
PMLBSc025	NC_010981.1	0.00290059	5.80119e-05
PMLBSc025	NC_018267.1	0.0212946	0.00108561
PMLBSc025	NC_021084.1	0.00330306	6.60612e-05
PMLBSc025	NC_021089.1	0.0033184	0.000197561
PMLBSc025	NZ_HG810405.1	0.0119715	0.117965
PMLBSc025	NZ_AP013028.1	0.00343983	0.000275187
PMLBSc025	NZ_CM003641.1	0.00379253	0.000377489
PMLBSc025	NZ_CP031221.1	0.0145552	0.000975063
PMLBSc025	NZ_CP037426.1	0.0184123	0.00064702
PMLBSc026	NC_002978.6	0.0495353	0.00068466
PMLBSc026	NC_006833.1	0.0231463	0.000692539
PMLBSc026	NC_012416.1	0.0443331	0.000603787
PMLBSc026	NC_010981.1	0.00290059	0.000174036
PMLBSc026	NC_018267.1	0.102089	0.00182257
PMLBSc026	NC_021084.1	0.00330306	0.000130586
PMLBSc026	NC_021089.1	0.0441425	0.000574161
PMLBSc026	NZ_HG810405.1	0.0799485	0.0237191
PMLBSc026	NZ_AP013028.1	0.0459978	0.00163512
PMLBSc026	NZ_CM003641.1	0.0367787	0.000946368
PMLBSc026	NZ_CP031221.1	0.0132749	0.000833554
PMLBSc026	NZ_CP037426.1	0.0713571	0.00136946
PMLBSc027	NC_002978.6	0.0154601	0.000265819
PMLBSc027	NC_006833.1	0.0268498	0.00254517
PMLBSc027	NC_012416.1	0.0069854	0.000103744
PMLBSc027	NC_010981.1	0.0127491	0.000271846
PMLBSc027	NC_018267.1	0.0106473	0.000433199
PMLBSc027	NC_021084.1	0.052849	0.00052849
PMLBSc027	NZ_HG810405.1	0.0590245	0.0266797
PMLBSc027	NZ_AP013028.1	0.020239	0.000465578
PMLBSc027	NZ_CM003641.1	0.0368669	0.000368669
PMLBSc027	NZ_CP031221.1	0.00721021	0.000964281
PMLBSc027	NZ_CP037426.1	0.0332014	0.000362331
PMLBSc027	NC_021089.1	0	0
PMLBSc028	NC_002978.6	0.0946535	0.00258325
PMLBSc028	NC_006833.1	0.0898078	0.00643839
PMLBSc028	NC_012416.1	0.0654276	0.00279278
PMLBSc028	NC_010981.1	0.0672533	0.00182603
PMLBSc028	NC_018267.1	0.181422	0.0109354
PMLBSc028	NC_021084.1	0.0673671	0.00164999
PMLBSc028	NC_021089.1	0.0516282	0.000943816
PMLBSc028	NZ_HG810405.1	0.15896	0.0337377
PMLBSc028	NZ_AP013028.1	0.127834	0.00472137
PMLBSc028	NZ_CM003641.1	0.0593574	0.00243515
PMLBSc028	NZ_CP031221.1	0.068059	0.00616102
PMLBSc028	NZ_CP037426.1	0.154989	0.00686137
PMLBSc029	NC_002978.6	0.0158545	0.000158545
PMLBSc029	NC_006833.1	0.00398117	0.000234241
PMLBSc029	NC_012416.1	0.0401142	0.000569206
PMLBSc029	NC_010981.1	0.0291409	0.00286619
PMLBSc029	NC_018267.1	0.0748442	0.00346141
PMLBSc029	NC_021084.1	0.0185893	0.000218156
PMLBSc029	NZ_HG810405.1	0.0726616	0.0350087
PMLBSc029	NZ_AP013028.1	0.0443179	0.00101435
PMLBSc029	NZ_CM003641.1	0.0441873	0.00149143
PMLBSc029	NZ_CP031221.1	0.0122641	0.000248651
PMLBSc029	NZ_CP037426.1	0.0270639	0.00044441
PMLBSc029	NC_021089.1	0	0
PMLBSc030	NC_002978.6	0.00339175	6.7835e-05
PMLBSc030	NC_006833.1	0.0244425	0.000521256
PMLBSc030	NC_012416.1	0.00297398	5.74048e-05
PMLBSc030	NC_010981.1	0.00290059	5.80119e-05
PMLBSc030	NC_018267.1	0.0602303	0.000793328
PMLBSc030	NC_021089.1	0.0033184	6.63681e-05
PMLBSc030	NZ_HG810405.1	0.0487186	0.00585665
PMLBSc030	NZ_AP013028.1	0.00343983	0.000274387
PMLBSc030	NZ_CM003641.1	0.00379253	0.000151701
PMLBSc030	NZ_CP031221.1	0.00289756	0.000115902
PMLBSc030	NZ_CP037426.1	0.00317964	0.000127186
PMLBSc030	NC_021084.1	0	0
PMLBSc031	NC_002978.6	0.041332	0.000603416
PMLBSc031	NC_006833.1	0.143137	0.00647913
PMLBSc031	NC_012416.1	0.0493128	0.000897036
PMLBSc031	NC_010981.1	0.0232048	0.000286687
PMLBSc031	NC_018267.1	0.0861178	0.0026566
PMLBSc031	NC_021084.1	0.0194343	0.000194343
PMLBSc031	NC_021089.1	0.0423675	0.00105803
PMLBSc031	NZ_HG810405.1	0.101185	0.499905
PMLBSc031	NZ_AP013028.1	0.0683967	0.00188391
PMLBSc031	NZ_CM003641.1	0.00802604	0.000687065
PMLBSc031	NZ_CP031221.1	0.0400942	0.00292115
PMLBSc031	NZ_CP037426.1	0.0773466	0.0014227
PMLBSc032	NC_002978.6	1.19011	0.0453485
PMLBSc032	NC_006833.1	0.210447	0.0295347
PMLBSc032	NC_012416.1	1.36132	0.0505847
PMLBSc032	NC_010981.1	58.5415	1.63425
PMLBSc032	NC_018267.1	0.277873	0.0346841
PMLBSc032	NC_021084.1	9.99998	0.207027
PMLBSc032	NC_021089.1	1.48765	0.0548887
PMLBSc032	NZ_HG810405.1	0.226833	0.0603278
PMLBSc032	NZ_AP013028.1	0.440139	0.0403197
PMLBSc032	NZ_CM003641.1	3.5551	0.0817475
PMLBSc032	NZ_CP031221.1	11.1799	0.231306
PMLBSc032	NZ_CP037426.1	1.64587	0.0582924
PMLBSc033	NC_002978.6	0.400542	0.00536764
PMLBSc033	NC_006833.1	0.0736054	0.000996219
PMLBSc033	NC_012416.1	0.325893	0.0043759
PMLBSc033	NC_010981.1	16.0236	0.246652
PMLBSc033	NC_018267.1	0.00459295	0.000244261
PMLBSc033	NC_021084.1	2.71842	0.0397527
PMLBSc033	NC_021089.1	0.431007	0.00686138
PMLBSc033	NZ_HG810405.1	0.038621	0.0105245
PMLBSc033	NZ_AP013028.1	0.108395	0.00225189
PMLBSc033	NZ_CM003641.1	0.705763	0.0103695
PMLBSc033	NZ_CP031221.1	2.59682	0.0359493
PMLBSc033	NZ_CP037426.1	0.747955	0.00963727
PMLBSc034	NC_002978.6	0.0823485	0.000870023
PMLBSc034	NC_006833.1	0.00398117	0.000157395
PMLBSc034	NC_012416.1	0.048967	0.00055814
PMLBSc034	NC_010981.1	0.00789231	7.89231e-05
PMLBSc034	NC_018267.1	0.016806	0.00611906
PMLBSc034	NC_021084.1	0.0205865	0.000573043
PMLBSc034	NC_021089.1	0.0631268	0.000978543
PMLBSc034	NZ_HG810405.1	0.0208199	0.0111491
PMLBSc034	NZ_AP013028.1	0.0179191	0.000539174
PMLBSc034	NZ_CM003641.1	0.041806	0.00105309
PMLBSc034	NZ_CP031221.1	0.00700805	9.973e-05
PMLBSc034	NZ_CP037426.1	0.0773466	0.00298147
PMLBSc035	NC_002978.6	0.0598683	0.00107984
PMLBSc035	NC_006833.1	0.0358305	0.00131101
PMLBSc035	NC_012416.1	0.0513876	0.00119928
PMLBSc035	NC_010981.1	0.0874226	0.00173833
PMLBSc035	NC_018267.1	0.101045	0.00325369
PMLBSc035	NC_021084.1	0.0312639	0.000672134
PMLBSc035	NC_021089.1	0.0201419	0.000329525
PMLBSc035	NZ_HG810405.1	0.100248	0.00851535
PMLBSc035	NZ_AP013028.1	0.0547974	0.000959154
PMLBSc035	NZ_CM003641.1	0.0419824	0.00106014
PMLBSc035	NZ_CP031221.1	0.0830859	0.0015977
PMLBSc035	NZ_CP037426.1	0.0751283	0.00206972
PMLBSc036	NC_002978.6	3.16182	0.191895
PMLBSc036	NC_006833.1	0.270535	0.00514497
PMLBSc036	NC_012416.1	3.19177	0.179922
PMLBSc036	NC_010981.1	79.5608	11.4202
PMLBSc036	NC_018267.1	0.0253656	0.000766188
PMLBSc036	NC_021084.1	24.8	1.46838
PMLBSc036	NC_021089.1	2.71893	0.283771
PMLBSc036	NZ_HG810405.1	0.0924405	0.0182091
PMLBSc036	NZ_AP013028.1	0.498376	0.029453
PMLBSc036	NZ_CM003641.1	8.99129	0.474982
PMLBSc036	NZ_CP031221.1	27.5018	1.66896
PMLBSc036	NZ_CP037426.1	3.59307	0.238485
PMLBSc037	NC_002978.6	0.00741452	0.000124627
PMLBSc037	NC_006833.1	0.00398117	0.000787902
PMLBSc037	NC_021089.1	0.0033184	6.63681e-05
PMLBSc037	NZ_HG810405.1	0.00603778	0.00407654
PMLBSc037	NZ_AP013028.1	0.00343983	0.00020639
PMLBSc037	NZ_CM003641.1	0.00379253	0.000446283
PMLBSc037	NZ_CP037426.1	0.00317964	0.000313527
PMLBSc037	NC_012416.1	0	0
PMLBSc037	NC_010981.1	0	0
PMLBSc037	NC_018267.1	0	0
PMLBSc037	NC_021084.1	0	0
PMLBSc037	NZ_CP031221.1	0	0
PMLBSc038	NC_002978.6	0.0145924	0.000179842
PMLBSc038	NC_006833.1	0.0404598	0.00175449
PMLBSc038	NC_012416.1	0.00297398	0.000118959
PMLBSc038	NC_018267.1	0.052297	0.000866397
PMLBSc038	NC_021084.1	0.0245809	0.000518504
PMLBSc038	NC_021089.1	0.0033184	9.80086e-05
PMLBSc038	NZ_HG810405.1	0.0419522	0.014169
PMLBSc038	NZ_AP013028.1	0.0506376	0.00178471
PMLBSc038	NZ_CM003641.1	0.0171987	0.000917262
PMLBSc038	NZ_CP031221.1	0.00741236	0.00026078
PMLBSc038	NZ_CP037426.1	0.0247716	0.00113949
PMLBSc038	NC_010981.1	0	0
PMLBSc039	NC_002978.6	0.0231901	0.000242944
PMLBSc039	NC_006833.1	0.00870303	0.00034164
PMLBSc039	NC_012416.1	0.00297398	0.000118959
PMLBSc039	NC_010981.1	0.0231373	0.000257681
PMLBSc039	NC_018267.1	0.0102298	0.000204595
PMLBSc039	NC_021084.1	0.0167457	0.000167457
PMLBSc039	NC_021089.1	0.0033184	6.55963e-05
PMLBSc039	NZ_HG810405.1	0.0106182	0.00644793
PMLBSc039	NZ_AP013028.1	0.00343983	0.00020319
PMLBSc039	NZ_CM003641.1	0.00379253	0.000151701
PMLBSc039	NZ_CP037426.1	0.0293562	0.000503566
PMLBSc039	NZ_CP031221.1	0	0
PMLBSc040	NC_002978.6	96.6946	44.7236
PMLBSc040	NC_006833.1	4.33022	0.0770672
PMLBSc040	NC_012416.1	59.1741	11.8125
PMLBSc040	NC_010981.1	86.4902	19.8574
PMLBSc040	NC_018267.1	1.52977	0.0193802
PMLBSc040	NC_021084.1	89.9492	25.0564
PMLBSc040	NC_021089.1	57.8815	13.6718
PMLBSc040	NZ_HG810405.1	1.10158	0.0465669
PMLBSc040	NZ_AP013028.1	8.72182	0.464907
PMLBSc040	NZ_CM003641.1	17.8732	1.09174
PMLBSc040	NZ_CP031221.1	45.7308	6.28924
PMLBSc040	NZ_CP037426.1	64.7769	12.8181
PMLBSc041	NC_002978.6	3.76066	0.0976793
PMLBSc041	NC_006833.1	0.486444	0.0157497
PMLBSc041	NC_012416.1	4.82954	0.142149
PMLBSc041	NC_010981.1	22.1157	0.618478
PMLBSc041	NC_018267.1	0.343741	0.0149782
PMLBSc041	NC_021084.1	77.7011	3.48791
PMLBSc041	NC_021089.1	4.00516	0.173323
PMLBSc041	NZ_HG810405.1	0.325624	0.0303888
PMLBSc041	NZ_AP013028.1	1.7232	0.0298298
PMLBSc041	NZ_CM003641.1	4.68112	0.102643
PMLBSc041	NZ_CP031221.1	14.704	0.425429
PMLBSc041	NZ_CP037426.1	3.90068	0.159991
PMLBSc042	NC_002978.6	3.38158	0.0819755
PMLBSc042	NC_006833.1	0.201836	0.00748645
PMLBSc042	NC_012416.1	4.6419	0.101326
PMLBSc042	NC_010981.1	66.251	2.08644
PMLBSc042	NC_018267.1	0.205117	0.00384868
PMLBSc042	NC_021084.1	14.1727	0.375235
PMLBSc042	NC_021089.1	2.36016	0.0478907
PMLBSc042	NZ_HG810405.1	0.26483	0.00713603
PMLBSc042	NZ_AP013028.1	0.370702	0.0100107
PMLBSc042	NZ_CM003641.1	3.79649	0.101007
PMLBSc042	NZ_CP031221.1	14.1072	0.335162
PMLBSc042	NZ_CP037426.1	3.65185	0.0993024
PMLBSc043	NC_002978.6	4.80232	0.146646
PMLBSc043	NC_006833.1	0.624674	0.016595
PMLBSc043	NC_012416.1	6.3204	0.170507
PMLBSc043	NC_010981.1	73.8764	3.23007
PMLBSc043	NC_018267.1	0.267748	0.0119845
PMLBSc043	NC_021084.1	17.6798	0.542489
PMLBSc043	NC_021089.1	3.20635	0.0924268
PMLBSc043	NZ_HG810405.1	0.269098	0.0143054
PMLBSc043	NZ_AP013028.1	0.689007	0.0238069
PMLBSc043	NZ_CM003641.1	5.37304	0.159155
PMLBSc043	NZ_CP031221.1	17.8484	0.487608
PMLBSc043	NZ_CP037426.1	4.33318	0.146729
PMLBSc044	NC_002978.6	0.21368	0.0109025
PMLBSc044	NC_006833.1	0.238315	0.0221622
PMLBSc044	NC_012416.1	0.18079	0.00787898
PMLBSc044	NC_010981.1	0.160005	0.0041519
PMLBSc044	NC_018267.1	0.293114	0.0165012
PMLBSc044	NC_021084.1	0.214161	0.00582952
PMLBSc044	NC_021089.1	0.0997836	0.00223722
PMLBSc044	NZ_HG810405.1	0.256293	0.0217381
PMLBSc044	NZ_AP013028.1	0.274467	0.0149785
PMLBSc044	NZ_CM003641.1	0.205767	0.00621886
PMLBSc044	NZ_CP031221.1	0.118194	0.00327357
PMLBSc044	NZ_CP037426.1	0.137908	0.00825228
PMLBSc045	NC_002978.6	93.2664	17.5058
PMLBSc045	NC_006833.1	0.855767	0.0236491
PMLBSc045	NC_012416.1	45.6436	3.5505
PMLBSc045	NC_010981.1	6.05894	0.501834
PMLBSc045	NC_018267.1	0.518168	0.0178186
PMLBSc045	NC_021084.1	3.2042	0.357242
PMLBSc045	NC_021089.1	47.1046	3.82507
PMLBSc045	NZ_HG810405.1	0.349983	0.117873
PMLBSc045	NZ_AP013028.1	1.38449	0.0459978
PMLBSc045	NZ_CM003641.1	0.871046	0.0235613
PMLBSc045	NZ_CP031221.1	2.83631	0.313306
PMLBSc045	NZ_CP037426.1	53.4632	4.26106
PMLBSc046	NC_002978.6	0.29595	0.0251266
PMLBSc046	NC_006833.1	0.264239	0.038585
PMLBSc046	NC_012416.1	0.183903	0.0162324
PMLBSc046	NC_010981.1	0.179972	0.0121643
PMLBSc046	NC_018267.1	0.28873	0.0454786
PMLBSc046	NC_021084.1	0.201871	0.0124203
PMLBSc046	NC_021089.1	0.174641	0.00528321
PMLBSc046	NZ_HG810405.1	0.301473	0.383295
PMLBSc046	NZ_AP013028.1	0.265187	0.0365414
PMLBSc046	NZ_CM003641.1	0.263184	0.0210944
PMLBSc046	NZ_CP031221.1	0.164891	0.00990427
PMLBSc046	NZ_CP037426.1	0.235515	0.016648
PMLBSc047	NC_002978.6	2.9427	0.307227
PMLBSc047	NC_006833.1	0.615693	0.374904
PMLBSc047	NC_012416.1	2.97917	0.271235
PMLBSc047	NC_010981.1	77.0494	6.41671
PMLBSc047	NC_018267.1	0.476936	0.865883
PMLBSc047	NC_021084.1	20.961	1.15382
PMLBSc047	NC_021089.1	2.59515	0.590115
PMLBSc047	NZ_HG810405.1	0.41973	0.898448
PMLBSc047	NZ_AP013028.1	1.07435	0.404043
PMLBSc047	NZ_CM003641.1	8.09307	0.43514
PMLBSc047	NZ_CP031221.1	24.2392	1.08648
PMLBSc047	NZ_CP037426.1	3.34225	0.325339
PMLBSc048	NC_002978.6	4.45013	0.508437
PMLBSc048	NC_006833.1	1.3099	0.0243342
PMLBSc048	NC_012416.1	4.95867	0.533736
PMLBSc048	NC_010981.1	82.9002	35.7121
PMLBSc048	NC_018267.1	0.503972	0.0057391
PMLBSc048	NC_021084.1	33.7391	4.52208
PMLBSc048	NC_021089.1	4.47035	0.889337
PMLBSc048	NZ_HG810405.1	0.659888	0.0305106
PMLBSc048	NZ_AP013028.1	1.75	0.108431
PMLBSc048	NZ_CM003641.1	15.084	1.52486
PMLBSc048	NZ_CP031221.1	37.326	5.10232
PMLBSc048	NZ_CP037426.1	5.60482	0.735981
PMLBSc049	NC_002978.6	0.0931548	0.0021865
PMLBSc049	NC_006833.1	0.0995293	0.0035775
PMLBSc049	NC_012416.1	0.0514568	0.00131616
PMLBSc049	NC_010981.1	0.0619918	0.000893113
PMLBSc049	NC_018267.1	0.159396	0.00351048
PMLBSc049	NC_021084.1	0.043247	0.00141571
PMLBSc049	NC_021089.1	0.042599	0.000679887
PMLBSc049	NZ_HG810405.1	0.186338	0.0123212
PMLBSc049	NZ_AP013028.1	0.113915	0.00335904
PMLBSc049	NZ_CM003641.1	0.0812306	0.00248984
PMLBSc049	NZ_CP031221.1	0.0196765	0.000378031
PMLBSc049	NZ_CP037426.1	0.11321	0.00255111
PMLBSc050	NC_002978.6	0.026503	0.000544258
PMLBSc050	NC_006833.1	0.0152766	0.00139711
PMLBSc050	NC_012416.1	0.0273191	0.00043019
PMLBSc050	NC_010981.1	0.024284	0.000584841
PMLBSc050	NC_018267.1	0.0510444	0.00073174
PMLBSc050	NC_021084.1	0.00330306	0.000324161
PMLBSc050	NC_021089.1	0.0264701	0.000589595
PMLBSc050	NZ_HG810405.1	0.117633	0.00983221
PMLBSc050	NZ_AP013028.1	0.0504776	0.00106955
PMLBSc050	NZ_CM003641.1	0.0235489	0.0008273
PMLBSc050	NZ_CP031221.1	0.0188678	0.000328166
PMLBSc050	NZ_CP037426.1	0.0317225	0.000834101
PMLBSc051	NC_002978.6	0.131253	0.00190017
PMLBSc051	NC_006833.1	0.00398117	0.000396265
PMLBSc051	NC_012416.1	0.0950983	0.00166958
PMLBSc051	NC_018267.1	0.0397708	0.00589255
PMLBSc051	NC_021084.1	0.0354119	0.000671366
PMLBSc051	NC_021089.1	0.0362709	0.0012417
PMLBSc051	NZ_HG810405.1	0.0490309	0.0175231
PMLBSc051	NZ_AP013028.1	0.0722365	0.00222229
PMLBSc051	NZ_CM003641.1	0.0221378	0.000934902
PMLBSc051	NZ_CP031221.1	0.0102425	0.000477761
PMLBSc051	NZ_CP037426.1	0.0881426	0.00462823
PMLBSc051	NC_010981.1	0	0
PMLBSc052	NC_002978.6	0.0651532	0.00146634
PMLBSc052	NC_006833.1	0.0662911	0.00209521
PMLBSc052	NC_012416.1	0.0369327	0.000763553
PMLBSc052	NC_010981.1	0.0970013	0.0012223
PMLBSc052	NC_018267.1	0.117329	0.00248437
PMLBSc052	NC_021084.1	0.0639872	0.000732819
PMLBSc052	NC_021089.1	0.0208365	0.00030946
PMLBSc052	NZ_HG810405.1	0.144594	0.0117456
PMLBSc052	NZ_AP013028.1	0.0872758	0.00233829
PMLBSc052	NZ_CM003641.1	0.0761151	0.00171281
PMLBSc052	NZ_CP031221.1	0.0136118	0.000251347
PMLBSc052	NZ_CP037426.1	0.0686211	0.00177838
PMLBSc053	NC_002978.6	0.00339175	6.7835e-05
PMLBSc053	NC_006833.1	0.00398117	0.000703649
PMLBSc053	NC_012416.1	0.019158	0.00038316
PMLBSc053	NC_018267.1	0.0173279	0.000173279
PMLBSc053	NC_021084.1	0.0175139	0.000204329
PMLBSc053	NZ_HG810405.1	0.02717	0.00918992
PMLBSc053	NZ_AP013028.1	0.0220789	0.000523975
PMLBSc053	NZ_CM003641.1	0.00379253	0.000455103
PMLBSc053	NZ_CP037426.1	0.00317964	0.000876989
PMLBSc053	NC_010981.1	0	0
PMLBSc053	NC_021089.1	0	0
PMLBSc053	NZ_CP031221.1	0	0
PMLBSc054	NC_002978.6	0.0381769	0.000957578
PMLBSc054	NC_006833.1	0.0240722	0.00250443
PMLBSc054	NC_012416.1	0.0419816	0.000674333
PMLBSc054	NC_010981.1	0.0224627	0.0014766
PMLBSc054	NC_018267.1	0.0133613	0.000350734
PMLBSc054	NC_021084.1	0.0198184	0.00104008
PMLBSc054	NC_021089.1	0.0315634	0.000600399
PMLBSc054	NZ_HG810405.1	0.0560056	0.0138161
PMLBSc054	NZ_AP013028.1	0.0469577	0.00280467
PMLBSc054	NZ_CM003641.1	0.00379253	0.00309135
PMLBSc054	NZ_CP031221.1	0.0221697	0.000544472
PMLBSc054	NZ_CP037426.1	0.00650717	0.00208451
PMLBSc055	NC_006833.1	0.0625877	0.000906411
PMLBSc055	NC_012416.1	0.0121034	0.000209562
PMLBSc055	NC_010981.1	0.00202367	4.04734e-05
PMLBSc055	NC_018267.1	0.0162841	0.000566812
PMLBSc055	NC_021084.1	0.016208	0.000260404
PMLBSc055	NC_021089.1	0.00787156	0.000136595
PMLBSc055	NZ_HG810405.1	0.0489268	0.00974997
PMLBSc055	NZ_AP013028.1	0.00343983	0.00020639
PMLBSc055	NZ_CM003641.1	0.00379253	0.000287526
PMLBSc055	NZ_CP031221.1	0.00289756	0.000173854
PMLBSc055	NZ_CP037426.1	0.00317964	0.000411135
PMLBSc055	NC_002978.6	0	0
PMLBSc056	NC_002978.6	0.183076	0.0211014
PMLBSc056	NC_006833.1	0.226927	0.0366194
PMLBSc056	NC_012416.1	0.149045	0.0158797
PMLBSc056	NC_010981.1	0.151775	0.0149725
PMLBSc056	NC_018267.1	0.261381	0.0576739
PMLBSc056	NC_021084.1	0.130663	0.00965185
PMLBSc056	NC_021089.1	0.16839	0.013306
PMLBSc056	NZ_HG810405.1	0.274823	0.0675284
PMLBSc056	NZ_AP013028.1	0.21575	0.0190687
PMLBSc056	NZ_CM003641.1	0.185569	0.0269649
PMLBSc056	NZ_CP031221.1	0.107075	0.0157499
PMLBSc056	NZ_CP037426.1	0.193662	0.0257396
PMLBSc057	NC_002978.6	0.00339175	6.7835e-05
PMLBSc057	NC_021084.1	0.00668294	0.000122905
PMLBSc057	NC_021089.1	0.0140453	0.000140453
PMLBSc057	NZ_HG810405.1	0.0235265	0.0096896
PMLBSc057	NZ_AP013028.1	0.0153593	0.000153593
PMLBSc057	NZ_CM003641.1	0.00379253	0.000227552
PMLBSc057	NZ_CP031221.1	0.00289756	5.79512e-05
PMLBSc057	NZ_CP037426.1	0.00798607	0.00128738
PMLBSc057	NC_006833.1	0	0
PMLBSc057	NC_012416.1	0	0
PMLBSc057	NC_010981.1	0	0
PMLBSc057	NC_018267.1	0	0
PMLBSc058	NC_002978.6	0.0189307	0.000357317
PMLBSc058	NC_006833.1	0.0465705	0.0015147
PMLBSc058	NC_012416.1	0.0280108	0.000542233
PMLBSc058	NC_010981.1	0.0216533	0.000545042
PMLBSc058	NC_018267.1	0.0239042	0.000239042
PMLBSc058	NC_021084.1	0.00330306	0.000261172
PMLBSc058	NC_021089.1	0.0033184	0.00026007
PMLBSc058	NZ_HG810405.1	0.00926487	0.00724117
PMLBSc058	NZ_AP013028.1	0.0313585	0.00115514
PMLBSc058	NZ_CM003641.1	0.0164931	0.000478035
PMLBSc058	NZ_CP031221.1	0.00289756	0.000229783
PMLBSc058	NZ_CP037426.1	0.0247716	0.000837798
PMLBSc059	NC_002978.6	0.018063	0.000214548
PMLBSc059	NC_006833.1	0.00398117	0.000627729
PMLBSc059	NC_012416.1	0.0426732	0.000452322
PMLBSc059	NC_010981.1	0.00290059	5.39645e-05
PMLBSc059	NC_018267.1	0.0589777	0.000638838
PMLBSc059	NC_021084.1	0.0137499	0.000137499
PMLBSc059	NC_021089.1	0.0370426	0.000900599
PMLBSc059	NZ_HG810405.1	0.0296684	0.00442944
PMLBSc059	NZ_AP013028.1	0.0611171	0.00149433
PMLBSc059	NZ_CM003641.1	0.0774381	0.00165107
PMLBSc059	NZ_CP031221.1	0.00896222	0.00164015
PMLBSc059	NZ_CP037426.1	0.00317964	0.000315006
PMLBSc060	NC_002978.6	0.0960733	0.00188597
PMLBSc060	NC_006833.1	0.144526	0.00553198
PMLBSc060	NC_012416.1	0.0813349	0.0019815
PMLBSc060	NC_010981.1	0.0442509	0.000794628
PMLBSc060	NC_018267.1	0.144574	0.00417645
PMLBSc060	NC_021084.1	0.00729746	0.000172066
PMLBSc060	NC_021089.1	0.061429	0.000736994
PMLBSc060	NZ_HG810405.1	0.141784	0.0109398
PMLBSc060	NZ_AP013028.1	0.0466378	0.00176952
PMLBSc060	NZ_CM003641.1	0.0545065	0.0014244
PMLBSc060	NZ_CP031221.1	0.0249325	0.000471022
PMLBSc060	NZ_CP037426.1	0.0683993	0.00168003
PMLBSc061	NC_002978.6	3.93538	0.306632
PMLBSc061	NC_006833.1	0.53144	0.0105733
PMLBSc061	NC_012416.1	4.18571	0.344456
PMLBSc061	NC_010981.1	82.2965	19.9576
PMLBSc061	NC_018267.1	0.300421	0.00341548
PMLBSc061	NC_021084.1	29.0231	2.56445
PMLBSc061	NC_021089.1	3.67363	0.48177
PMLBSc061	NZ_HG810405.1	0.258167	0.0217683
PMLBSc061	NZ_AP013028.1	1.06451	0.0568117
PMLBSc061	NZ_CM003641.1	11.939	0.850881
PMLBSc061	NZ_CP031221.1	33.1828	2.92268
PMLBSc061	NZ_CP037426.1	4.93902	0.451017
PMLBSc062	NC_002978.6	0.00528482	0.00034233
PMLBSc062	NC_006833.1	0.0295347	0.00103696
PMLBSc062	NC_012416.1	0.00297398	5.94796e-05
PMLBSc062	NC_010981.1	0.0194947	0.000416202
PMLBSc062	NZ_HG810405.1	0.0259208	0.0108847
PMLBSc062	NZ_AP013028.1	0.00887957	0.000383982
PMLBSc062	NZ_CM003641.1	0.00379253	0.000376607
PMLBSc062	NZ_CP031221.1	0.00289756	5.79512e-05
PMLBSc062	NZ_CP037426.1	0.00813396	0.000594519
PMLBSc062	NC_018267.1	0	0
PMLBSc062	NC_021084.1	0	0
PMLBSc062	NC_021089.1	0	0
PMLBSc063	NC_002978.6	0.114215	0.00199798
PMLBSc063	NC_006833.1	0.0318494	0.000874006
PMLBSc063	NC_012416.1	0.0744879	0.000784301
PMLBSc063	NC_010981.1	0.119194	0.00144827
PMLBSc063	NC_018267.1	0.0458251	0.000840301
PMLBSc063	NC_021084.1	0.0476255	0.000607609
PMLBSc063	NC_021089.1	0.0686061	0.000805677
PMLBSc063	NZ_HG810405.1	0.0500719	0.000967086
PMLBSc063	NZ_AP013028.1	0.0477577	0.000647969
PMLBSc063	NZ_CM003641.1	0.028488	0.000399538
PMLBSc063	NZ_CP031221.1	0.0175201	0.00395618
PMLBSc063	NZ_CP037426.1	0.0252892	0.000345324
PMLBSc064	NC_002978.6	0.155389	0.00194592
PMLBSc064	NC_006833.1	0.00629581	0.000196281
PMLBSc064	NC_012416.1	0.0197113	0.000411516
PMLBSc064	NC_010981.1	0.400484	0.00613172
PMLBSc064	NC_018267.1	0.0385181	0.000437374
PMLBSc064	NC_021084.1	0.016208	0.000195111
PMLBSc064	NC_021089.1	0.0265472	0.000299428
PMLBSc064	NZ_HG810405.1	0.00707878	0.000476776
PMLBSc064	NZ_AP013028.1	0.0135993	0.000657568
PMLBSc064	NZ_CM003641.1	0.0161403	0.00042688
PMLBSc064	NZ_CP031221.1	0.111725	0.0054582
PMLBSc064	NZ_CP037426.1	0.00317964	0.000190778
PMLBSc065	NC_002978.6	1.61361	0.0258018
PMLBSc065	NC_006833.1	0.141008	0.00236648
PMLBSc065	NC_012416.1	1.7689	0.0271967
PMLBSc065	NC_010981.1	31.3502	0.607812
PMLBSc065	NC_021084.1	5.23174	0.0890398
PMLBSc065	NC_021089.1	1.12394	0.0173097
PMLBSc065	NZ_HG810405.1	0.0122838	0.000688099
PMLBSc065	NZ_AP013028.1	0.0661568	0.000983953
PMLBSc065	NZ_CM003641.1	1.32677	0.02514
PMLBSc065	NZ_CP031221.1	5.78481	0.095976
PMLBSc065	NZ_CP037426.1	1.81794	0.0330328
PMLBSc065	NC_018267.1	0	0
PMLBSc066	NC_002978.6	0.0266607	0.000300525
PMLBSc066	NC_006833.1	0.0495332	0.000974924
PMLBSc066	NC_012416.1	0.0990405	0.00154025
PMLBSc066	NC_010981.1	0.976623	0.0136119
PMLBSc066	NC_018267.1	0.0617961	0.000990616
PMLBSc066	NC_021084.1	0.303497	0.00486241
PMLBSc066	NC_021089.1	0.0859698	0.000965424
PMLBSc066	NZ_HG810405.1	0.0234224	0.000684976
PMLBSc066	NZ_AP013028.1	0.00431979	4.31979e-05
PMLBSc066	NZ_CM003641.1	0.029811	0.000410122
PMLBSc066	NZ_CP031221.1	0.156401	0.0022756
PMLBSc066	NZ_CP037426.1	0.0692866	0.00101009
PMLBSc067	NC_002978.6	0.581094	0.00720313
PMLBSc067	NC_006833.1	0.0753645	0.00192855
PMLBSc067	NC_012416.1	0.15029	0.00177263
PMLBSc067	NC_010981.1	0.320414	0.00471313
PMLBSc067	NC_018267.1	0.111692	0.0024113
PMLBSc067	NC_021084.1	0.0599928	0.000867245
PMLBSc067	NC_021089.1	0.197484	0.0026663
PMLBSc067	NZ_HG810405.1	0.0957717	0.00204452
PMLBSc067	NZ_AP013028.1	0.020639	0.000489577
PMLBSc067	NZ_CM003641.1	0.0248719	0.000760269
PMLBSc067	NZ_CP031221.1	0.0564687	0.00413138
PMLBSc067	NZ_CP037426.1	0.151809	0.00189004
PMLBSc068	NC_002978.6	5.89273	0.203078
PMLBSc068	NC_006833.1	0.614211	0.0128925
PMLBSc068	NC_012416.1	6.83877	0.211105
PMLBSc068	NC_010981.1	75.9773	4.1364
PMLBSc068	NC_018267.1	0.394576	0.00934561
PMLBSc068	NC_021084.1	19.0975	0.605917
PMLBSc068	NC_021089.1	3.78128	0.114389
PMLBSc068	NZ_HG810405.1	0.35904	0.0080063
PMLBSc068	NZ_AP013028.1	0.62973	0.0141313
PMLBSc068	NZ_CM003641.1	5.30574	0.143193
PMLBSc068	NZ_CP031221.1	19.5197	0.609052
PMLBSc068	NZ_CP037426.1	5.3307	0.196506
PMLBSc069	NC_002978.6	0.191673	0.0091388
PMLBSc069	NC_006833.1	0.22276	0.0166515
PMLBSc069	NC_012416.1	0.129956	0.00731185
PMLBSc069	NC_010981.1	0.591789	0.0148881
PMLBSc069	NC_018267.1	0.219731	0.0214031
PMLBSc069	NC_021084.1	0.208093	0.00863558
PMLBSc069	NC_021089.1	0.15473	0.00491046
PMLBSc069	NZ_HG810405.1	0.238701	0.0569175
PMLBSc069	NZ_AP013028.1	0.20959	0.0223557
PMLBSc069	NZ_CM003641.1	0.196947	0.0154779
PMLBSc069	NZ_CP031221.1	0.164891	0.01876
PMLBSc069	NZ_CP037426.1	0.178282	0.0134536
PMLBSc070	NC_002978.6	0.193803	0.00483127
PMLBSc070	NC_006833.1	0.0720314	0.00675966
PMLBSc070	NC_012416.1	0.0657734	0.00265583
PMLBSc070	NC_010981.1	0.101453	0.00276298
PMLBSc070	NC_018267.1	0.0410234	0.0014259
PMLBSc070	NC_021084.1	0.0586869	0.00231214
PMLBSc070	NC_021089.1	0.025081	0.00188223
PMLBSc070	NZ_HG810405.1	0.0779706	0.0248528
PMLBSc070	NZ_AP013028.1	0.0787162	0.00722525
PMLBSc070	NZ_CM003641.1	0.0312222	0.00756388
PMLBSc070	NZ_CP031221.1	0.0405658	0.0168139
PMLBSc070	NZ_CP037426.1	0.107442	0.00819238
PMLBSc071	NC_002978.6	0.113742	0.00439981
PMLBSc071	NC_006833.1	0.126749	0.00885579
PMLBSc071	NC_012416.1	0.108654	0.00545069
PMLBSc071	NC_010981.1	0.0787208	0.00320077
PMLBSc071	NC_018267.1	0.208353	0.012401
PMLBSc071	NC_021084.1	0.0984773	0.00450829
PMLBSc071	NC_021089.1	0.0319493	0.00201188
PMLBSc071	NZ_HG810405.1	0.191231	0.101585
PMLBSc071	NZ_AP013028.1	0.145113	0.0109755
PMLBSc071	NZ_CM003641.1	0.134855	0.00899446
PMLBSc071	NZ_CP031221.1	0.116105	0.00590563
PMLBSc071	NZ_CP037426.1	0.128591	0.00826559
PMLBSc072	NC_002978.6	0.69594	0.0133469
PMLBSc072	NC_006833.1	0.0684206	0.00284422
PMLBSc072	NC_012416.1	0.69031	0.0126118
PMLBSc072	NC_010981.1	13.2021	0.257
PMLBSc072	NC_018267.1	0.0712951	0.00144052
PMLBSc072	NC_021084.1	2.64214	0.0509109
PMLBSc072	NC_021089.1	0.480165	0.00790089
PMLBSc072	NZ_HG810405.1	0.0716206	0.0038902
PMLBSc072	NZ_AP013028.1	0.0604771	0.00154953
PMLBSc072	NZ_CM003641.1	0.936137	0.0169332
PMLBSc072	NZ_CP031221.1	2.47748	0.0471851
PMLBSc072	NZ_CP037426.1	0.663214	0.0128088
PMLBSc073	NC_002978.6	5.58503	0.300155
PMLBSc073	NC_006833.1	0.42543	0.159444
PMLBSc073	NC_012416.1	6.97897	0.330019
PMLBSc073	NC_010981.1	76.9949	6.26806
PMLBSc073	NC_018267.1	0.30564	0.0127475
PMLBSc073	NC_021084.1	25.6906	1.22886
PMLBSc073	NC_021089.1	3.99752	0.19182
PMLBSc073	NZ_HG810405.1	0.240991	0.141934
PMLBSc073	NZ_AP013028.1	0.653009	0.0412348
PMLBSc073	NZ_CM003641.1	9.77202	0.380391
PMLBSc073	NZ_CP031221.1	26.6159	1.29127
PMLBSc073	NZ_CP037426.1	5.11456	0.354273
PMLBSc074	NC_002978.6	5.32505	0.265387
PMLBSc074	NC_006833.1	0.498387	0.117495
PMLBSc074	NC_012416.1	6.47878	0.277421
PMLBSc074	NC_010981.1	75.2141	5.21937
PMLBSc074	NC_018267.1	0.186432	0.0066817
PMLBSc074	NC_021084.1	24.3017	1.00066
PMLBSc074	NC_021089.1	3.59213	0.160322
PMLBSc074	NZ_HG810405.1	0.205389	0.0611794
PMLBSc074	NZ_AP013028.1	0.491016	0.0193415
PMLBSc074	NZ_CM003641.1	8.68515	0.298728
PMLBSc074	NZ_CP031221.1	23.6781	1.04902
PMLBSc074	NZ_CP037426.1	4.85465	0.26468
PMLBSc075	NC_002978.6	17.1526	0.604856
PMLBSc075	NC_006833.1	0.430985	0.0713028
PMLBSc075	NC_012416.1	10.8196	0.492554
PMLBSc075	NC_010981.1	78.6387	8.13588
PMLBSc075	NC_018267.1	0.263573	0.0129928
PMLBSc075	NC_021084.1	28.5469	1.52654
PMLBSc075	NC_021089.1	7.09567	0.313056
PMLBSc075	NZ_HG810405.1	0.288356	0.0786379
PMLBSc075	NZ_AP013028.1	0.734285	0.0357207
PMLBSc075	NZ_CM003641.1	10.2254	0.420369
PMLBSc075	NZ_CP031221.1	29.0789	1.56587
PMLBSc075	NZ_CP037426.1	8.95342	0.498552
PMLBSc076	NC_002978.6	0.52935	0.01465
PMLBSc076	NC_006833.1	0.139434	0.0130953
PMLBSc076	NC_012416.1	0.181897	0.00540227
PMLBSc076	NC_010981.1	0.200074	0.00525547
PMLBSc076	NC_018267.1	0.238207	0.0116035
PMLBSc076	NC_021084.1	0.131892	0.00364258
PMLBSc076	NC_021089.1	0.273575	0.00580643
PMLBSc076	NZ_HG810405.1	0.228082	0.109024
PMLBSc076	NZ_AP013028.1	0.197751	0.0101187
PMLBSc076	NZ_CM003641.1	0.155935	0.00984469
PMLBSc076	NZ_CP031221.1	0.118598	0.0223752
PMLBSc076	NZ_CP037426.1	0.249639	0.00832696
PMLBSc077	NC_002978.6	0.138904	0.00483837
PMLBSc077	NC_006833.1	0.101659	0.0104992
PMLBSc077	NC_012416.1	0.18743	0.00452806
PMLBSc077	NC_010981.1	1.58899	0.0281209
PMLBSc077	NC_018267.1	0.11973	0.00447499
PMLBSc077	NC_021084.1	0.350432	0.0076293
PMLBSc077	NC_021089.1	0.194242	0.00486725
PMLBSc077	NZ_HG810405.1	0.160105	0.152803
PMLBSc077	NZ_AP013028.1	0.127114	0.00930675
PMLBSc077	NZ_CM003641.1	0.164666	0.0106473
PMLBSc077	NZ_CP031221.1	0.328031	0.0481602
PMLBSc077	NZ_CP037426.1	0.163936	0.0101098
