sample	reference	numreads	breadth	meandepth	rpm
PMLBSc001	NC_002978.6	90797	92.1785	10.653	1842.57
PMLBSc001	NC_006833.1	148	0.450058	0.0147285	3.00
PMLBSc001	NC_012416.1	22654	43.732	2.31017	459.72
PMLBSc001	NC_010981.1	6644	7.19064	0.626371	134.83
PMLBSc001	NC_018267.1	52	0.252403	0.00571092	1.06
PMLBSc001	NC_021084.1	5400	4.96773	0.596931	109.58
PMLBSc001	NC_021089.1	20268	42.6324	2.30908	411.30
PMLBSc001	NZ_HG810405.1	220	0.116488	0.00947515	4.46
PMLBSc001	NZ_AP013028.1	324	0.809161	0.0295466	6.58
PMLBSc001	NZ_CM003641.1	164	0.644465	0.0177164	3.33
PMLBSc001	NZ_CP031221.1	4211	3.71461	0.408601	85.46
PMLBSc001	NZ_CP037426.1	25381	49.7998	2.76393	515.06
PMLBSc002	NC_002978.6	298889	96.2165	35.0981	4721.64
PMLBSc002	NC_006833.1	475	2.93338	0.054431	7.50
PMLBSc002	NC_012416.1	81539	56.9157	8.27472	1288.10
PMLBSc002	NC_010981.1	98509	83.9929	9.62896	1556.18
PMLBSc002	NC_018267.1	128	1.10419	0.0156703	2.02
PMLBSc002	NC_021084.1	98096	88.0398	11.0732	1549.65
PMLBSc002	NC_021089.1	81650	56.0856	9.2198	1289.85
PMLBSc002	NZ_HG810405.1	638	1.16696	0.0348526	10.08
PMLBSc002	NZ_AP013028.1	2474	7.0375	0.259129	39.08
PMLBSc002	NZ_CM003641.1	3882	12.697	0.482284	61.33
PMLBSc002	NZ_CP031221.1	32300	38.7675	3.13188	510.25
PMLBSc002	NZ_CP037426.1	86637	63.2591	9.38919	1368.63
PMLBSc003	NC_002978.6	1779	3.86273	0.193874	24.07
PMLBSc003	NC_006833.1	76	0.429874	0.00763367	1.03
PMLBSc003	NC_012416.1	2982	4.40115	0.291907	40.35
PMLBSc003	NC_010981.1	98553	80.5972	9.85899	1333.46
PMLBSc003	NC_018267.1	20	0.158352	0.00196244	0.27
PMLBSc003	NC_021084.1	13470	26.2782	1.49677	182.25
PMLBSc003	NC_021089.1	3384	3.89712	0.36416	45.79
PMLBSc003	NZ_HG810405.1	204	0.34228	0.0100883	2.76
PMLBSc003	NZ_AP013028.1	312	0.879958	0.0320849	4.22
PMLBSc003	NZ_CM003641.1	3314	10.0034	0.421094	44.84
PMLBSc003	NZ_CP031221.1	16283	29.166	1.60716	220.32
PMLBSc003	NZ_CP037426.1	4750	5.41123	0.497328	64.27
PMLBSc004	NC_002978.6	479	2.00957	0.0529089	8.93
PMLBSc004	NC_006833.1	23	0.137952	0.00175542	0.43
PMLBSc004	NC_012416.1	719	2.38043	0.0714233	13.40
PMLBSc004	NC_010981.1	26737	70.5796	2.6752	498.40
PMLBSc004	NC_018267.1	10	0.0644057	0.00101984	0.19
PMLBSc004	NC_021084.1	3781	15.6942	0.419585	70.48
PMLBSc004	NC_021089.1	772	2.1112	0.0829809	14.39
PMLBSc004	NZ_HG810405.1	258	0.104932	0.010259	4.81
PMLBSc004	NZ_AP013028.1	89	0.397581	0.00857319	1.66
PMLBSc004	NZ_CM003641.1	946	5.10421	0.119054	17.63
PMLBSc004	NZ_CP031221.1	4225	16.5077	0.417385	78.76
PMLBSc004	NZ_CP037426.1	1190	3.19199	0.121572	22.18
PMLBSc005	NC_002978.6	316117	96.0565	37.103	4940.36
PMLBSc005	NC_006833.1	330	1.78884	0.0379017	5.16
PMLBSc005	NC_012416.1	90263	56.6099	9.17303	1410.65
PMLBSc005	NC_010981.1	130724	85.2578	12.8456	2042.99
PMLBSc005	NC_018267.1	54	0.596248	0.00711385	0.84
PMLBSc005	NC_021084.1	109424	88.0445	12.3459	1710.11
PMLBSc005	NC_021089.1	90159	55.1519	10.176	1409.03
PMLBSc005	NZ_HG810405.1	592	0.687995	0.0274209	9.25
PMLBSc005	NZ_AP013028.1	2336	5.39902	0.244655	36.51
PMLBSc005	NZ_CM003641.1	4490	12.3311	0.560624	70.17
PMLBSc005	NZ_CP031221.1	38901	39.3585	3.78462	607.95
PMLBSc005	NZ_CP037426.1	94053	62.1981	10.1717	1469.88
PMLBSc006	NC_002978.6	2	0.00339175	6.70462e-05	0.03
PMLBSc006	NC_006833.1	6	0.0141656	0.000372193	0.10
PMLBSc006	NC_012416.1	3	0.00297398	8.78362e-05	0.05
PMLBSc006	NC_018267.1	4	0.014092	0.000231735	0.06
PMLBSc006	NC_021084.1	10	0.014979	0.000533867	0.16
PMLBSc006	NC_021089.1	1	0.0033184	3.3184e-05	0.02
PMLBSc006	NZ_HG810405.1	268	0.0489268	0.00978641	4.29
PMLBSc006	NZ_AP013028.1	4	0.00343983	0.000136793	0.06
PMLBSc006	NZ_CP031221.1	4	0.0203503	0.000226414	0.06
PMLBSc006	NZ_CP037426.1	34	0.0109439	0.00177025	0.54
PMLBSc006	NC_010981.1	0	0	0	0.00
PMLBSc006	NZ_CM003641.1	0	0	0	0.00
PMLBSc007	NC_002978.6	14	0.11461	0.00124706	0.22
PMLBSc007	NC_006833.1	4	0.0137026	0.000208317	0.06
PMLBSc007	NC_012416.1	4	0.0219936	0.000321605	0.06
PMLBSc007	NC_010981.1	8	0.0124793	0.000404734	0.13
PMLBSc007	NC_018267.1	58	0.0108561	0.00462635	0.93
PMLBSc007	NC_021084.1	2	0.0122905	0.000122905	0.03
PMLBSc007	NC_021089.1	4	0.0261614	0.000290167	0.06
PMLBSc007	NZ_HG810405.1	152	0.0759927	0.00995505	2.43
PMLBSc007	NZ_AP013028.1	2	0.0165592	0.000165592	0.03
PMLBSc007	NZ_CM003641.1	16	0.0180806	0.000981647	0.26
PMLBSc007	NZ_CP031221.1	2	0.00289756	5.66035e-05	0.03
PMLBSc007	NZ_CP037426.1	6	0.0212962	0.000334971	0.10
PMLBSc008	NC_002978.6	2	0.00339175	6.7835e-05	0.03
PMLBSc008	NC_006833.1	6	0.00398117	0.000236093	0.09
PMLBSc008	NC_012416.1	1	0.00352728	3.52728e-05	0.01
PMLBSc008	NC_010981.1	8	0.00526154	0.000209787	0.12
PMLBSc008	NC_018267.1	17	0.00365348	0.000546979	0.25
PMLBSc008	NC_021089.1	12	0.00324123	0.000370426	0.18
PMLBSc008	NZ_HG810405.1	732	0.0106182	0.0269566	10.90
PMLBSc008	NZ_AP013028.1	4	0.0083996	0.000167992	0.06
PMLBSc008	NZ_CM003641.1	6	0.00379253	0.000224024	0.09
PMLBSc008	NZ_CP037426.1	6	0.0183384	0.000278773	0.09
PMLBSc008	NC_021084.1	0	0	0	0.00
PMLBSc008	NZ_CP031221.1	0	0	0	0.00
PMLBSc009	NC_002978.6	8	0.0355739	0.000478	0.12
PMLBSc009	NC_006833.1	10	0.0331456	0.000633284	0.15
PMLBSc009	NC_012416.1	6	0.0297398	0.000495203	0.09
PMLBSc009	NC_010981.1	2	0.012884	0.00012884	0.03
PMLBSc009	NC_018267.1	10	0.0757837	0.00102506	0.15
PMLBSc009	NC_021084.1	2	0.0163617	0.000163617	0.03
PMLBSc009	NZ_HG810405.1	70	0.08151	0.00307094	1.06
PMLBSc009	NZ_AP013028.1	8	0.0267987	0.000519175	0.12
PMLBSc009	NZ_CM003641.1	10	0.043129	0.000713524	0.15
PMLBSc009	NZ_CP037426.1	4	0.013458	0.000216659	0.06
PMLBSc009	NC_021089.1	0	0	0	0.00
PMLBSc009	NZ_CP031221.1	0	0	0	0.00
PMLBSc010	NC_002978.6	16	0.0558456	0.00142454	0.32
PMLBSc010	NC_006833.1	19	0.0500887	0.00176653	0.38
PMLBSc010	NC_012416.1	10	0.0452322	0.000764244	0.20
PMLBSc010	NC_010981.1	6	0.0325136	0.000366959	0.12
PMLBSc010	NC_018267.1	40	0.168582	0.00399482	0.81
PMLBSc010	NC_021084.1	15	0.0489314	0.00100474	0.30
PMLBSc010	NC_021089.1	8	0.0267787	0.000413643	0.16
PMLBSc010	NZ_HG810405.1	268	0.0766173	0.0116446	5.39
PMLBSc010	NZ_AP013028.1	36	0.0700766	0.00254308	0.72
PMLBSc010	NZ_CM003641.1	12	0.0513314	0.000798194	0.24
PMLBSc010	NZ_CP031221.1	4	0.0307276	0.000307276	0.08
PMLBSc010	NZ_CP037426.1	84	0.0684732	0.00498168	1.69
PMLBSc011	NC_002978.6	439075	96.0228	51.6272	5877.60
PMLBSc011	NC_006833.1	620	4.19134	0.0717861	8.30
PMLBSc011	NC_012416.1	107173	57.1566	10.9467	1434.65
PMLBSc011	NC_010981.1	34158	23.9138	3.22281	457.25
PMLBSc011	NC_018267.1	252	1.83728	0.029589	3.37
PMLBSc011	NC_021084.1	40670	66.5026	4.55323	544.42
PMLBSc011	NC_021089.1	96353	57.3583	11.0079	1289.81
PMLBSc011	NZ_HG810405.1	350	1.46874	0.029989	4.69
PMLBSc011	NZ_AP013028.1	1620	5.07232	0.163267	21.69
PMLBSc011	NZ_CM003641.1	1312	5.95056	0.158314	17.56
PMLBSc011	NZ_CP031221.1	22462	16.5366	2.18181	300.68
PMLBSc011	NZ_CP037426.1	121338	64.2849	13.2354	1624.27
PMLBSc012	NC_002978.6	18	0.058133	0.00128887	0.34
PMLBSc012	NC_006833.1	38	0.0989738	0.00332196	0.73
PMLBSc012	NC_012416.1	9	0.0584422	0.000607937	0.17
PMLBSc012	NC_010981.1	23	0.0815539	0.00146649	0.44
PMLBSc012	NC_018267.1	33	0.131525	0.00377353	0.63
PMLBSc012	NC_021084.1	6	0.0430166	0.000430166	0.11
PMLBSc012	NC_021089.1	12	0.0471522	0.000756287	0.23
PMLBSc012	NZ_HG810405.1	94	0.240887	0.00819472	1.79
PMLBSc012	NZ_AP013028.1	25	0.0948754	0.00185191	0.48
PMLBSc012	NZ_CM003641.1	26	0.110865	0.00206384	0.50
PMLBSc012	NZ_CP031221.1	16	0.0538407	0.00093261	0.31
PMLBSc012	NZ_CP037426.1	18	0.0624097	0.00112692	0.34
PMLBSc013	NC_002978.6	479	2.14012	0.0526826	8.21
PMLBSc013	NC_006833.1	22	0.0723092	0.00157117	0.38
PMLBSc013	NC_012416.1	819	2.65528	0.0809981	14.04
PMLBSc013	NC_010981.1	27201	70.4134	2.72452	466.20
PMLBSc013	NC_018267.1	8	0.0424848	0.000621092	0.14
PMLBSc013	NC_021084.1	3532	15.0277	0.392397	60.54
PMLBSc013	NC_021089.1	935	2.53534	0.101301	16.03
PMLBSc013	NZ_HG810405.1	156	0.0245675	0.00579835	2.67
PMLBSc013	NZ_AP013028.1	81	0.42582	0.00745884	1.39
PMLBSc013	NZ_CM003641.1	871	5.06928	0.110962	14.93
PMLBSc013	NZ_CP031221.1	4577	17.3573	0.452201	78.45
PMLBSc013	NZ_CP037426.1	1137	3.30683	0.117454	19.49
PMLBSc014	NC_002978.6	4	0.0288693	0.000430673	0.08
PMLBSc014	NC_006833.1	2	0.00398117	7.96234e-05	0.04
PMLBSc014	NC_012416.1	4	0.0251751	0.000251751	0.08
PMLBSc014	NC_010981.1	8	0.043374	0.000656344	0.16
PMLBSc014	NC_018267.1	14	0.0808985	0.00114093	0.28
PMLBSc014	NC_021084.1	10	0.014979	0.00052004	0.20
PMLBSc014	NZ_HG810405.1	145	0.0205076	0.00526848	2.94
PMLBSc014	NZ_AP013028.1	4	0.00343983	0.000136793	0.08
PMLBSc014	NZ_CM003641.1	4	0.0291936	0.000329862	0.08
PMLBSc014	NZ_CP037426.1	48	0.0218138	0.00234554	0.97
PMLBSc014	NC_021089.1	0	0	0	0.00
PMLBSc014	NZ_CP031221.1	0	0	0	0.00
PMLBSc015	NC_002978.6	8	0.00339175	0.00027134	0.15
PMLBSc015	NC_006833.1	4	0.00398117	0.000157395	0.07
PMLBSc015	NC_012416.1	2	0.0162532	0.000162532	0.04
PMLBSc015	NC_018267.1	39	0.0244261	0.00317749	0.73
PMLBSc015	NC_021084.1	8	0.022891	0.000416339	0.15
PMLBSc015	NC_021089.1	4	0.0033184	0.000131964	0.07
PMLBSc015	NZ_HG810405.1	280	0.0708919	0.012569	5.23
PMLBSc015	NZ_AP013028.1	4	0.00343983	0.000132794	0.07
PMLBSc015	NZ_CM003641.1	8	0.0143763	0.000358085	0.15
PMLBSc015	NZ_CP031221.1	6	0.00599728	0.000170484	0.11
PMLBSc015	NZ_CP037426.1	2	0.00317964	6.28534e-05	0.04
PMLBSc015	NC_010981.1	0	0	0	0.00
PMLBSc016	NC_002978.6	4	0.0240578	0.000382558	0.07
PMLBSc016	NC_006833.1	12	0.0475889	0.00115824	0.21
PMLBSc016	NC_012416.1	10	0.0458546	0.000708914	0.17
PMLBSc016	NC_010981.1	4	0.0331207	0.000331207	0.07
PMLBSc016	NC_018267.1	7	0.0403971	0.000542803	0.12
PMLBSc016	NC_021084.1	6	0.0350278	0.000463197	0.10
PMLBSc016	NC_021089.1	2	0.0033184	6.63681e-05	0.03
PMLBSc016	NZ_HG810405.1	459	0.058504	0.0172243	7.98
PMLBSc016	NZ_AP013028.1	12	0.041998	0.000859959	0.21
PMLBSc016	NZ_CM003641.1	12	0.0820244	0.000974591	0.21
PMLBSc016	NZ_CP031221.1	10	0.0320079	0.000439351	0.17
PMLBSc016	NZ_CP037426.1	4	0.0132362	0.000263245	0.07
PMLBSc017	NC_002978.6	6	0.0487466	0.000487466	0.10
PMLBSc017	NC_006833.1	16	0.0760126	0.00137582	0.27
PMLBSc017	NC_012416.1	7	0.0389384	0.000457855	0.12
PMLBSc017	NC_010981.1	6	0.0337953	0.000366959	0.10
PMLBSc017	NC_018267.1	26	0.12902	0.00251046	0.44
PMLBSc017	NC_021084.1	14	0.0479328	0.000906421	0.24
PMLBSc017	NC_021089.1	16	0.0504706	0.00120311	0.27
PMLBSc017	NZ_HG810405.1	68	0.0792198	0.00326561	1.16
PMLBSc017	NZ_AP013028.1	16	0.062317	0.00118474	0.27
PMLBSc017	NZ_CM003641.1	6	0.0355439	0.000493028	0.10
PMLBSc017	NZ_CP031221.1	12	0.0480456	0.000649593	0.20
PMLBSc017	NZ_CP037426.1	66	0.0445889	0.00335563	1.12
PMLBSc018	NC_002978.6	2	0.00828218	0.000162489	0.03
PMLBSc018	NC_006833.1	11	0.0388859	0.000661986	0.17
PMLBSc018	NC_012416.1	2	0.00297398	5.8788e-05	0.03
PMLBSc018	NC_010981.1	2	0.00290059	5.80119e-05	0.03
PMLBSc018	NC_018267.1	19	0.0456163	0.00140398	0.29
PMLBSc018	NC_021084.1	10	0.0172835	0.000422484	0.15
PMLBSc018	NC_021089.1	2	0.0033184	6.63681e-05	0.03
PMLBSc018	NZ_HG810405.1	311	0.0183215	0.0112594	4.71
PMLBSc018	NZ_CM003641.1	4	0.0114658	0.000209912	0.06
PMLBSc018	NZ_CP031221.1	2	0.0113207	0.000113207	0.03
PMLBSc018	NZ_CP037426.1	61	0.0252892	0.00355454	0.92
PMLBSc018	NZ_AP013028.1	0	0	0	0.00
PMLBSc019	NC_002978.6	61	0.12163	0.00488491	0.97
PMLBSc019	NC_006833.1	106	0.192115	0.0103927	1.68
PMLBSc019	NC_012416.1	63	0.122625	0.00461244	1.00
PMLBSc019	NC_010981.1	35	0.0940332	0.0022827	0.56
PMLBSc019	NC_018267.1	130	0.213781	0.0142298	2.06
PMLBSc019	NC_021084.1	41	0.136347	0.00319321	0.65
PMLBSc019	NC_021089.1	14	0.0706125	0.00098163	0.22
PMLBSc019	NZ_HG810405.1	446	0.254836	0.0252046	7.08
PMLBSc019	NZ_AP013028.1	106	0.20423	0.00783402	1.68
PMLBSc019	NZ_CM003641.1	18	0.123125	0.00172075	0.29
PMLBSc019	NZ_CP031221.1	23	0.0803231	0.00121158	0.37
PMLBSc019	NZ_CP037426.1	151	0.153584	0.00943244	2.40
PMLBSc020	NC_002978.6	506605	94.961	59.6293	8354.11
PMLBSc020	NC_006833.1	531	3.88886	0.060873	8.76
PMLBSc020	NC_012416.1	114065	55.1322	11.6421	1880.98
PMLBSc020	NC_010981.1	18408	10.261	1.73741	303.56
PMLBSc020	NC_018267.1	167	1.32058	0.0207236	2.75
PMLBSc020	NC_021084.1	10979	6.69162	1.19524	181.05
PMLBSc020	NC_021089.1	109676	56.4203	12.5612	1808.60
PMLBSc020	NZ_HG810405.1	838	1.70484	0.0450158	13.82
PMLBSc020	NZ_AP013028.1	1759	4.22268	0.174417	29.01
PMLBSc020	NZ_CM003641.1	781	3.09708	0.0936551	12.88
PMLBSc020	NZ_CP031221.1	10812	5.42457	1.04832	178.29
PMLBSc020	NZ_CP037426.1	125660	62.0275	13.7669	2072.18
PMLBSc021	NC_002978.6	6	0.00339175	0.000203505	0.09
PMLBSc021	NC_006833.1	44	0.0362935	0.0026035	0.63
PMLBSc021	NC_012416.1	10	0.00297398	0.000296015	0.14
PMLBSc021	NC_010981.1	4	0.00290059	0.000114675	0.06
PMLBSc021	NC_018267.1	3	0.00386225	0.000106473	0.04
PMLBSc021	NC_021084.1	6	0.00330306	0.000198184	0.09
PMLBSc021	NC_021089.1	7	0.0033184	0.000227658	0.10
PMLBSc021	NZ_HG810405.1	211	0.00603778	0.00758158	3.01
PMLBSc021	NZ_AP013028.1	23	0.00343983	0.000783162	0.33
PMLBSc021	NZ_CM003641.1	24	0.00379253	0.000889921	0.34
PMLBSc021	NZ_CP037426.1	22	0.0160461	0.000799347	0.31
PMLBSc021	NZ_CP031221.1	0	0	0	0.00
PMLBSc022	NC_002978.6	6	0.0414109	0.000466957	0.11
PMLBSc022	NC_006833.1	109	0.0448113	0.00802623	1.92
PMLBSc022	NC_012416.1	8	0.0435723	0.000507652	0.14
PMLBSc022	NC_010981.1	15	0.0501196	0.00088974	0.26
PMLBSc022	NC_018267.1	21	0.071817	0.00150837	0.37
PMLBSc022	NC_021084.1	2	0.0136731	0.000136731	0.04
PMLBSc022	NC_021089.1	8	0.0509336	0.000628953	0.14
PMLBSc022	NZ_HG810405.1	192	0.0684976	0.00754514	3.38
PMLBSc022	NZ_AP013028.1	16	0.0235189	0.000683167	0.28
PMLBSc022	NZ_CM003641.1	29	0.0450693	0.00131327	0.51
PMLBSc022	NZ_CP031221.1	6	0.0276279	0.000369944	0.11
PMLBSc022	NZ_CP037426.1	10	0.0218138	0.000460678	0.18
PMLBSc023	NC_002978.6	716	5.83547	0.0840058	10.81
PMLBSc023	NC_006833.1	118	0.0511071	0.00910022	1.78
PMLBSc023	NC_012416.1	173	1.42391	0.0173978	2.61
PMLBSc023	NC_010981.1	48	0.194137	0.00306384	0.72
PMLBSc023	NC_018267.1	5	0.0251568	0.000416497	0.08
PMLBSc023	NC_021084.1	38	0.133121	0.00308106	0.57
PMLBSc023	NC_021089.1	164	1.34928	0.0177342	2.48
PMLBSc023	NZ_HG810405.1	351	0.0675607	0.0132311	5.30
PMLBSc023	NZ_AP013028.1	18	0.0319985	0.000879958	0.27
PMLBSc023	NZ_CM003641.1	18	0.0151701	0.000762033	0.27
PMLBSc023	NZ_CP031221.1	22	0.108625	0.00152021	0.33
PMLBSc023	NZ_CP037426.1	201	1.55869	0.0206913	3.03
PMLBSc024	NC_002978.6	210	0.301393	0.0178974	4.22
PMLBSc024	NC_006833.1	275	0.259147	0.0245435	5.53
PMLBSc024	NC_012416.1	164	0.221735	0.0111476	3.30
PMLBSc024	NC_010981.1	95	0.181793	0.00686564	1.91
PMLBSc024	NC_018267.1	360	0.306057	0.0380495	7.24
PMLBSc024	NC_021084.1	52	0.127053	0.00345131	1.05
PMLBSc024	NC_021089.1	71	0.173483	0.00532025	1.43
PMLBSc024	NZ_HG810405.1	3002	0.27982	0.13584	60.34
PMLBSc024	NZ_AP013028.1	225	0.239828	0.017012	4.52
PMLBSc024	NZ_CM003641.1	138	0.182747	0.0101225	2.77
PMLBSc024	NZ_CP031221.1	70	0.126617	0.00483151	1.41
PMLBSc024	NZ_CP037426.1	202	0.180352	0.014213	4.06
PMLBSc025	NC_002978.6	2	0.00339175	6.7835e-05	0.04
PMLBSc025	NC_006833.1	28	0.0474963	0.00154618	0.59
PMLBSc025	NC_012416.1	6	0.0150082	0.000237919	0.13
PMLBSc025	NC_010981.1	2	0.00290059	5.80119e-05	0.04
PMLBSc025	NC_018267.1	27	0.0212946	0.00108561	0.57
PMLBSc025	NC_021084.1	2	0.00330306	6.60612e-05	0.04
PMLBSc025	NC_021089.1	6	0.0033184	0.000197561	0.13
PMLBSc025	NZ_HG810405.1	3226	0.0119715	0.117965	67.70
PMLBSc025	NZ_AP013028.1	8	0.00343983	0.000275187	0.17
PMLBSc025	NZ_CM003641.1	10	0.00379253	0.000377489	0.21
PMLBSc025	NZ_CP031221.1	32	0.0145552	0.000975063	0.67
PMLBSc025	NZ_CP037426.1	12	0.0184123	0.00064702	0.25
PMLBSc026	NC_002978.6	12	0.0495353	0.00068466	0.26
PMLBSc026	NC_006833.1	10	0.0231463	0.000692539	0.21
PMLBSc026	NC_012416.1	11	0.0443331	0.000603787	0.24
PMLBSc026	NC_010981.1	6	0.00290059	0.000174036	0.13
PMLBSc026	NC_018267.1	20	0.102089	0.00182257	0.43
PMLBSc026	NC_021084.1	4	0.00330306	0.000130586	0.09
PMLBSc026	NC_021089.1	10	0.0441425	0.000574161	0.21
PMLBSc026	NZ_HG810405.1	618	0.0799485	0.0237191	13.28
PMLBSc026	NZ_AP013028.1	26	0.0459978	0.00163512	0.56
PMLBSc026	NZ_CM003641.1	14	0.0367787	0.000946368	0.30
PMLBSc026	NZ_CP031221.1	31	0.0132749	0.000833554	0.67
PMLBSc026	NZ_CP037426.1	20	0.0713571	0.00136946	0.43
PMLBSc027	NC_002978.6	4	0.0154601	0.000265819	0.05
PMLBSc027	NC_006833.1	54	0.0268498	0.00254517	0.73
PMLBSc027	NC_012416.1	3	0.0069854	0.000103744	0.04
PMLBSc027	NC_010981.1	5	0.0127491	0.000271846	0.07
PMLBSc027	NC_018267.1	10	0.0106473	0.000433199	0.13
PMLBSc027	NC_021084.1	6	0.052849	0.00052849	0.08
PMLBSc027	NZ_HG810405.1	705	0.0590245	0.0266797	9.51
PMLBSc027	NZ_AP013028.1	10	0.020239	0.000465578	0.13
PMLBSc027	NZ_CM003641.1	5	0.0368669	0.000368669	0.07
PMLBSc027	NZ_CP031221.1	34	0.00721021	0.000964281	0.46
PMLBSc027	NZ_CP037426.1	6	0.0332014	0.000362331	0.08
PMLBSc027	NC_021089.1	0	0	0	0.00
PMLBSc028	NC_002978.6	36	0.0946535	0.00258325	0.73
PMLBSc028	NC_006833.1	80	0.0898078	0.00643839	1.63
PMLBSc028	NC_012416.1	47	0.0654276	0.00279278	0.96
PMLBSc028	NC_010981.1	24	0.0672533	0.00182603	0.49
PMLBSc028	NC_018267.1	104	0.181422	0.0109354	2.12
PMLBSc028	NC_021084.1	22	0.0673671	0.00164999	0.45
PMLBSc028	NC_021089.1	13	0.0516282	0.000943816	0.26
PMLBSc028	NZ_HG810405.1	781	0.15896	0.0337377	15.91
PMLBSc028	NZ_AP013028.1	78	0.127834	0.00472137	1.59
PMLBSc028	NZ_CM003641.1	30	0.0593574	0.00243515	0.61
PMLBSc028	NZ_CP031221.1	171	0.068059	0.00616102	3.48
PMLBSc028	NZ_CP037426.1	89	0.154989	0.00686137	1.81
PMLBSc029	NC_002978.6	2	0.0158545	0.000158545	0.04
PMLBSc029	NC_006833.1	6	0.00398117	0.000234241	0.12
PMLBSc029	NC_012416.1	10	0.0401142	0.000569206	0.20
PMLBSc029	NC_010981.1	40	0.0291409	0.00286619	0.81
PMLBSc029	NC_018267.1	41	0.0748442	0.00346141	0.83
PMLBSc029	NC_021084.1	4	0.0185893	0.000218156	0.08
PMLBSc029	NZ_HG810405.1	909	0.0726616	0.0350087	18.48
PMLBSc029	NZ_AP013028.1	16	0.0443179	0.00101435	0.33
PMLBSc029	NZ_CM003641.1	18	0.0441873	0.00149143	0.37
PMLBSc029	NZ_CP031221.1	6	0.0122641	0.000248651	0.12
PMLBSc029	NZ_CP037426.1	8	0.0270639	0.00044441	0.16
PMLBSc029	NC_021089.1	0	0	0	0.00
PMLBSc030	NC_002978.6	2	0.00339175	6.7835e-05	0.03
PMLBSc030	NC_006833.1	10	0.0244425	0.000521256	0.13
PMLBSc030	NC_012416.1	2	0.00297398	5.74048e-05	0.03
PMLBSc030	NC_010981.1	2	0.00290059	5.80119e-05	0.03
PMLBSc030	NC_018267.1	10	0.0602303	0.000793328	0.13
PMLBSc030	NC_021089.1	2	0.0033184	6.63681e-05	0.03
PMLBSc030	NZ_HG810405.1	155	0.0487186	0.00585665	1.99
PMLBSc030	NZ_AP013028.1	8	0.00343983	0.000274387	0.10
PMLBSc030	NZ_CM003641.1	4	0.00379253	0.000151701	0.05
PMLBSc030	NZ_CP031221.1	4	0.00289756	0.000115902	0.05
PMLBSc030	NZ_CP037426.1	4	0.00317964	0.000127186	0.05
PMLBSc030	NC_021084.1	0	0	0	0.00
PMLBSc031	NC_002978.6	9	0.041332	0.000603416	0.15
PMLBSc031	NC_006833.1	90	0.143137	0.00647913	1.51
PMLBSc031	NC_012416.1	11	0.0493128	0.000897036	0.19
PMLBSc031	NC_010981.1	5	0.0232048	0.000286687	0.08
PMLBSc031	NC_018267.1	26	0.0861178	0.0026566	0.44
PMLBSc031	NC_021084.1	2	0.0194343	0.000194343	0.03
PMLBSc031	NC_021089.1	17	0.0423675	0.00105803	0.29
PMLBSc031	NZ_HG810405.1	15332	0.101185	0.499905	257.86
PMLBSc031	NZ_AP013028.1	26	0.0683967	0.00188391	0.44
PMLBSc031	NZ_CM003641.1	18	0.00802604	0.000687065	0.30
PMLBSc031	NZ_CP031221.1	89	0.0400942	0.00292115	1.50
PMLBSc031	NZ_CP037426.1	25	0.0773466	0.0014227	0.42
PMLBSc032	NC_002978.6	466	1.19011	0.0453485	6.56
PMLBSc032	NC_006833.1	314	0.210447	0.0295347	4.42
PMLBSc032	NC_012416.1	563	1.36132	0.0505847	7.92
PMLBSc032	NC_010981.1	16357	58.5415	1.63425	230.13
PMLBSc032	NC_018267.1	309	0.277873	0.0346841	4.35
PMLBSc032	NC_021084.1	1875	9.99998	0.207027	26.38
PMLBSc032	NC_021089.1	542	1.48765	0.0548887	7.63
PMLBSc032	NZ_HG810405.1	1084	0.226833	0.0603278	15.25
PMLBSc032	NZ_AP013028.1	482	0.440139	0.0403197	6.78
PMLBSc032	NZ_CM003641.1	691	3.5551	0.0817475	9.72
PMLBSc032	NZ_CP031221.1	2375	11.1799	0.231306	33.41
PMLBSc032	NZ_CP037426.1	652	1.64587	0.0582924	9.17
PMLBSc033	NC_002978.6	53	0.400542	0.00536764	0.83
PMLBSc033	NC_006833.1	16	0.0736054	0.000996219	0.25
PMLBSc033	NC_012416.1	46	0.325893	0.0043759	0.72
PMLBSc033	NC_010981.1	2471	16.0236	0.246652	38.63
PMLBSc033	NC_018267.1	6	0.00459295	0.000244261	0.09
PMLBSc033	NC_021084.1	361	2.71842	0.0397527	5.64
PMLBSc033	NC_021089.1	69	0.431007	0.00686138	1.08
PMLBSc033	NZ_HG810405.1	282	0.038621	0.0105245	4.41
PMLBSc033	NZ_AP013028.1	37	0.108395	0.00225189	0.58
PMLBSc033	NZ_CM003641.1	86	0.705763	0.0103695	1.34
PMLBSc033	NZ_CP031221.1	368	2.59682	0.0359493	5.75
PMLBSc033	NZ_CP037426.1	105	0.747955	0.00963727	1.64
PMLBSc034	NC_002978.6	10	0.0823485	0.000870023	0.14
PMLBSc034	NC_006833.1	4	0.00398117	0.000157395	0.06
PMLBSc034	NC_012416.1	8	0.048967	0.00055814	0.11
PMLBSc034	NC_010981.1	2	0.00789231	7.89231e-05	0.03
PMLBSc034	NC_018267.1	74	0.016806	0.00611906	1.03
PMLBSc034	NC_021084.1	12	0.0205865	0.000573043	0.17
PMLBSc034	NC_021089.1	12	0.0631268	0.000978543	0.17
PMLBSc034	NZ_HG810405.1	198	0.0208199	0.0111491	2.74
PMLBSc034	NZ_AP013028.1	10	0.0179191	0.000539174	0.14
PMLBSc034	NZ_CM003641.1	8	0.041806	0.00105309	0.11
PMLBSc034	NZ_CP031221.1	2	0.00700805	9.973e-05	0.03
PMLBSc034	NZ_CP037426.1	48	0.0773466	0.00298147	0.67
PMLBSc035	NC_002978.6	16	0.0598683	0.00107984	0.30
PMLBSc035	NC_006833.1	28	0.0358305	0.00131101	0.53
PMLBSc035	NC_012416.1	16	0.0513876	0.00119928	0.30
PMLBSc035	NC_010981.1	22	0.0874226	0.00173833	0.42
PMLBSc035	NC_018267.1	28	0.101045	0.00325369	0.53
PMLBSc035	NC_021084.1	8	0.0312639	0.000672134	0.15
PMLBSc035	NC_021089.1	6	0.0201419	0.000329525	0.11
PMLBSc035	NZ_HG810405.1	217	0.100248	0.00851535	4.11
PMLBSc035	NZ_AP013028.1	18	0.0547974	0.000959154	0.34
PMLBSc035	NZ_CM003641.1	22	0.0419824	0.00106014	0.42
PMLBSc035	NZ_CP031221.1	28	0.0830859	0.0015977	0.53
PMLBSc035	NZ_CP037426.1	40	0.0751283	0.00206972	0.76
PMLBSc036	NC_002978.6	1782	3.16182	0.191895	25.84
PMLBSc036	NC_006833.1	55	0.270535	0.00514497	0.80
PMLBSc036	NC_012416.1	1827	3.19177	0.179922	26.50
PMLBSc036	NC_010981.1	114052	79.5608	11.4202	1654.07
PMLBSc036	NC_018267.1	6	0.0253656	0.000766188	0.09
PMLBSc036	NC_021084.1	13221	24.8	1.46838	191.74
PMLBSc036	NC_021089.1	2663	2.71893	0.283771	38.62
PMLBSc036	NZ_HG810405.1	466	0.0924405	0.0182091	6.76
PMLBSc036	NZ_AP013028.1	288	0.498376	0.029453	4.18
PMLBSc036	NZ_CM003641.1	3734	8.99129	0.474982	54.15
PMLBSc036	NZ_CP031221.1	16911	27.5018	1.66896	245.26
PMLBSc036	NZ_CP037426.1	2389	3.59307	0.238485	34.65
PMLBSc037	NC_002978.6	2	0.00741452	0.000124627	0.02
PMLBSc037	NC_006833.1	20	0.00398117	0.000787902	0.25
PMLBSc037	NC_021089.1	2	0.0033184	6.63681e-05	0.02
PMLBSc037	NZ_HG810405.1	112	0.00603778	0.00407654	1.40
PMLBSc037	NZ_AP013028.1	6	0.00343983	0.00020639	0.07
PMLBSc037	NZ_CM003641.1	12	0.00379253	0.000446283	0.15
PMLBSc037	NZ_CP037426.1	10	0.00317964	0.000313527	0.12
PMLBSc037	NC_012416.1	0	0	0	0.00
PMLBSc037	NC_010981.1	0	0	0	0.00
PMLBSc037	NC_018267.1	0	0	0	0.00
PMLBSc037	NC_021084.1	0	0	0	0.00
PMLBSc037	NZ_CP031221.1	0	0	0	0.00
PMLBSc038	NC_002978.6	4	0.0145924	0.000179842	0.07
PMLBSc038	NC_006833.1	32	0.0404598	0.00175449	0.55
PMLBSc038	NC_012416.1	4	0.00297398	0.000118959	0.07
PMLBSc038	NC_018267.1	12	0.052297	0.000866397	0.21
PMLBSc038	NC_021084.1	10	0.0245809	0.000518504	0.17
PMLBSc038	NC_021089.1	3	0.0033184	9.80086e-05	0.05
PMLBSc038	NZ_HG810405.1	381	0.0419522	0.014169	6.57
PMLBSc038	NZ_AP013028.1	39	0.0506376	0.00178471	0.67
PMLBSc038	NZ_CM003641.1	22	0.0171987	0.000917262	0.38
PMLBSc038	NZ_CP031221.1	10	0.00741236	0.00026078	0.17
PMLBSc038	NZ_CP037426.1	28	0.0247716	0.00113949	0.48
PMLBSc038	NC_010981.1	0	0	0	0.00
PMLBSc039	NC_002978.6	4	0.0231901	0.000242944	0.08
PMLBSc039	NC_006833.1	8	0.00870303	0.00034164	0.16
PMLBSc039	NC_012416.1	4	0.00297398	0.000118959	0.08
PMLBSc039	NC_010981.1	4	0.0231373	0.000257681	0.08
PMLBSc039	NC_018267.1	4	0.0102298	0.000204595	0.08
PMLBSc039	NC_021084.1	2	0.0167457	0.000167457	0.04
PMLBSc039	NC_021089.1	2	0.0033184	6.55963e-05	0.04
PMLBSc039	NZ_HG810405.1	170	0.0106182	0.00644793	3.41
PMLBSc039	NZ_AP013028.1	6	0.00343983	0.00020319	0.12
PMLBSc039	NZ_CM003641.1	4	0.00379253	0.000151701	0.08
PMLBSc039	NZ_CP037426.1	10	0.0293562	0.000503566	0.20
PMLBSc039	NZ_CP031221.1	0	0	0	0.00
PMLBSc040	NC_002978.6	381252	96.6946	44.7236	3153.96
PMLBSc040	NC_006833.1	682	4.33022	0.0770672	5.64
PMLBSc040	NC_012416.1	116609	59.1741	11.8125	964.66
PMLBSc040	NC_010981.1	202228	86.4902	19.8574	1672.96
PMLBSc040	NC_018267.1	159	1.52977	0.0193802	1.32
PMLBSc040	NC_021084.1	221553	89.9492	25.0564	1832.83
PMLBSc040	NC_021089.1	121985	57.8815	13.6718	1009.14
PMLBSc040	NZ_HG810405.1	984	1.10158	0.0465669	8.14
PMLBSc040	NZ_AP013028.1	4403	8.72182	0.464907	36.42
PMLBSc040	NZ_CM003641.1	8777	17.8732	1.09174	72.61
PMLBSc040	NZ_CP031221.1	64768	45.7308	6.28924	535.80
PMLBSc040	NZ_CP037426.1	119004	64.7769	12.8181	984.48
PMLBSc041	NC_002978.6	915	3.76066	0.0976793	7.55
PMLBSc041	NC_006833.1	158	0.486444	0.0157497	1.30
PMLBSc041	NC_012416.1	1431	4.82954	0.142149	11.81
PMLBSc041	NC_010981.1	6397	22.1157	0.618478	52.78
PMLBSc041	NC_018267.1	143	0.343741	0.0149782	1.18
PMLBSc041	NC_021084.1	30620	77.7011	3.48791	252.64
PMLBSc041	NC_021089.1	1612	4.00516	0.173323	13.30
PMLBSc041	NZ_HG810405.1	568	0.325624	0.0303888	4.69
PMLBSc041	NZ_AP013028.1	307	1.7232	0.0298298	2.53
PMLBSc041	NZ_CM003641.1	840	4.68112	0.102643	6.93
PMLBSc041	NZ_CP031221.1	4382	14.704	0.425429	36.15
PMLBSc041	NZ_CP037426.1	1583	3.90068	0.159991	13.06
PMLBSc042	NC_002978.6	750	3.38158	0.0819755	6.73
PMLBSc042	NC_006833.1	88	0.201836	0.00748645	0.79
PMLBSc042	NC_012416.1	1022	4.6419	0.101326	9.17
PMLBSc042	NC_010981.1	20863	66.251	2.08644	187.19
PMLBSc042	NC_018267.1	34	0.205117	0.00384868	0.31
PMLBSc042	NC_021084.1	3383	14.1727	0.375235	30.35
PMLBSc042	NC_021089.1	445	2.36016	0.0478907	3.99
PMLBSc042	NZ_HG810405.1	123	0.26483	0.00713603	1.10
PMLBSc042	NZ_AP013028.1	100	0.370702	0.0100107	0.90
PMLBSc042	NZ_CM003641.1	809	3.79649	0.101007	7.26
PMLBSc042	NZ_CP031221.1	3421	14.1072	0.335162	30.69
PMLBSc042	NZ_CP037426.1	993	3.65185	0.0993024	8.91
PMLBSc043	NC_002978.6	1328	4.80232	0.146646	10.85
PMLBSc043	NC_006833.1	168	0.624674	0.016595	1.37
PMLBSc043	NC_012416.1	1728	6.3204	0.170507	14.12
PMLBSc043	NC_010981.1	32272	73.8764	3.23007	263.63
PMLBSc043	NC_018267.1	109	0.267748	0.0119845	0.89
PMLBSc043	NC_021084.1	4882	17.6798	0.542489	39.88
PMLBSc043	NC_021089.1	852	3.20635	0.0924268	6.96
PMLBSc043	NZ_HG810405.1	175	0.269098	0.0143054	1.43
PMLBSc043	NZ_AP013028.1	245	0.689007	0.0238069	2.00
PMLBSc043	NZ_CM003641.1	1295	5.37304	0.159155	10.58
PMLBSc043	NZ_CP031221.1	4982	17.8484	0.487608	40.70
PMLBSc043	NZ_CP037426.1	1464	4.33318	0.146729	11.96
PMLBSc044	NC_002978.6	131	0.21368	0.0109025	0.96
PMLBSc044	NC_006833.1	249	0.238315	0.0221622	1.83
PMLBSc044	NC_012416.1	108	0.18079	0.00787898	0.79
PMLBSc044	NC_010981.1	54	0.160005	0.0041519	0.40
PMLBSc044	NC_018267.1	160	0.293114	0.0165012	1.17
PMLBSc044	NC_021084.1	77	0.214161	0.00582952	0.56
PMLBSc044	NC_021089.1	33	0.0997836	0.00223722	0.24
PMLBSc044	NZ_HG810405.1	313	0.256293	0.0217381	2.29
PMLBSc044	NZ_AP013028.1	187	0.274467	0.0149785	1.37
PMLBSc044	NZ_CM003641.1	71	0.205767	0.00621886	0.52
PMLBSc044	NZ_CP031221.1	44	0.118194	0.00327357	0.32
PMLBSc044	NZ_CP037426.1	111	0.137908	0.00825228	0.81
PMLBSc045	NC_002978.6	148961	93.2664	17.5058	1230.48
PMLBSc045	NC_006833.1	240	0.855767	0.0236491	1.98
PMLBSc045	NC_012416.1	34833	45.6436	3.5505	287.73
PMLBSc045	NC_010981.1	5311	6.05894	0.501834	43.87
PMLBSc045	NC_018267.1	172	0.518168	0.0178186	1.42
PMLBSc045	NC_021084.1	3307	3.2042	0.357242	27.32
PMLBSc045	NC_021089.1	33433	47.1046	3.82507	276.17
PMLBSc045	NZ_HG810405.1	2996	0.349983	0.117873	24.75
PMLBSc045	NZ_AP013028.1	515	1.38449	0.0459978	4.25
PMLBSc045	NZ_CM003641.1	234	0.871046	0.0235613	1.93
PMLBSc045	NZ_CP031221.1	3289	2.83631	0.313306	27.17
PMLBSc045	NZ_CP037426.1	39023	53.4632	4.26106	322.35
PMLBSc046	NC_002978.6	305	0.29595	0.0251266	5.95
PMLBSc046	NC_006833.1	444	0.264239	0.038585	8.67
PMLBSc046	NC_012416.1	232	0.183903	0.0162324	4.53
PMLBSc046	NC_010981.1	155	0.179972	0.0121643	3.03
PMLBSc046	NC_018267.1	433	0.28873	0.0454786	8.45
PMLBSc046	NC_021084.1	144	0.201871	0.0124203	2.81
PMLBSc046	NC_021089.1	71	0.174641	0.00528321	1.39
PMLBSc046	NZ_HG810405.1	9415	0.301473	0.383295	183.81
PMLBSc046	NZ_AP013028.1	453	0.265187	0.0365414	8.84
PMLBSc046	NZ_CM003641.1	223	0.263184	0.0210944	4.35
PMLBSc046	NZ_CP031221.1	142	0.164891	0.00990427	2.77
PMLBSc046	NZ_CP037426.1	230	0.235515	0.016648	4.49
PMLBSc047	NC_002978.6	3823	2.9427	0.307227	21.27
PMLBSc047	NC_006833.1	4234	0.615693	0.374904	23.55
PMLBSc047	NC_012416.1	3825	2.97917	0.271235	21.28
PMLBSc047	NC_010981.1	64682	77.0494	6.41671	359.84
PMLBSc047	NC_018267.1	9185	0.476936	0.865883	51.10
PMLBSc047	NC_021084.1	11495	20.961	1.15382	63.95
PMLBSc047	NC_021089.1	7292	2.59515	0.590115	40.57
PMLBSc047	NZ_HG810405.1	9928	0.41973	0.898448	55.23
PMLBSc047	NZ_AP013028.1	5447	1.07435	0.404043	30.30
PMLBSc047	NZ_CM003641.1	4353	8.09307	0.43514	24.22
PMLBSc047	NZ_CP031221.1	11605	24.2392	1.08648	64.56
PMLBSc047	NZ_CP037426.1	4260	3.34225	0.325339	23.70
PMLBSc048	NC_002978.6	4678	4.45013	0.508437	30.26
PMLBSc048	NC_006833.1	242	1.3099	0.0243342	1.57
PMLBSc048	NC_012416.1	5457	4.95867	0.533736	35.30
PMLBSc048	NC_010981.1	356479	82.9002	35.7121	2305.73
PMLBSc048	NC_018267.1	48	0.503972	0.0057391	0.31
PMLBSc048	NC_021084.1	40650	33.7391	4.52208	262.93
PMLBSc048	NC_021089.1	8389	4.47035	0.889337	54.26
PMLBSc048	NZ_HG810405.1	684	0.659888	0.0305106	4.42
PMLBSc048	NZ_AP013028.1	1033	1.75	0.108431	6.68
PMLBSc048	NZ_CM003641.1	12024	15.084	1.52486	77.77
PMLBSc048	NZ_CP031221.1	51697	37.326	5.10232	334.38
PMLBSc048	NZ_CP037426.1	7352	5.60482	0.735981	47.55
PMLBSc049	NC_002978.6	28	0.0931548	0.0021865	0.16
PMLBSc049	NC_006833.1	48	0.0995293	0.0035775	0.28
PMLBSc049	NC_012416.1	16	0.0514568	0.00131616	0.09
PMLBSc049	NC_010981.1	17	0.0619918	0.000893113	0.10
PMLBSc049	NC_018267.1	34	0.159396	0.00351048	0.20
PMLBSc049	NC_021084.1	24	0.043247	0.00141571	0.14
PMLBSc049	NC_021089.1	14	0.042599	0.000679887	0.08
PMLBSc049	NZ_HG810405.1	248	0.186338	0.0123212	1.45
PMLBSc049	NZ_AP013028.1	46	0.113915	0.00335904	0.27
PMLBSc049	NZ_CM003641.1	43	0.0812306	0.00248984	0.25
PMLBSc049	NZ_CP031221.1	11	0.0196765	0.000378031	0.06
PMLBSc049	NZ_CP037426.1	35	0.11321	0.00255111	0.20
PMLBSc050	NC_002978.6	8	0.026503	0.000544258	0.07
PMLBSc050	NC_006833.1	30	0.0152766	0.00139711	0.24
PMLBSc050	NC_012416.1	10	0.0273191	0.00043019	0.08
PMLBSc050	NC_010981.1	10	0.024284	0.000584841	0.08
PMLBSc050	NC_018267.1	12	0.0510444	0.00073174	0.10
PMLBSc050	NC_021084.1	10	0.00330306	0.000324161	0.08
PMLBSc050	NC_021089.1	12	0.0264701	0.000589595	0.10
PMLBSc050	NZ_HG810405.1	257	0.117633	0.00983221	2.09
PMLBSc050	NZ_AP013028.1	24	0.0504776	0.00106955	0.20
PMLBSc050	NZ_CM003641.1	18	0.0235489	0.0008273	0.15
PMLBSc050	NZ_CP031221.1	10	0.0188678	0.000328166	0.08
PMLBSc050	NZ_CP037426.1	18	0.0317225	0.000834101	0.15
PMLBSc051	NC_002978.6	18	0.131253	0.00190017	0.14
PMLBSc051	NC_006833.1	10	0.00398117	0.000396265	0.08
PMLBSc051	NC_012416.1	26	0.0950983	0.00166958	0.20
PMLBSc051	NC_018267.1	72	0.0397708	0.00589255	0.55
PMLBSc051	NC_021084.1	12	0.0354119	0.000671366	0.09
PMLBSc051	NC_021089.1	26	0.0362709	0.0012417	0.20
PMLBSc051	NZ_HG810405.1	350	0.0490309	0.0175231	2.69
PMLBSc051	NZ_AP013028.1	40	0.0722365	0.00222229	0.31
PMLBSc051	NZ_CM003641.1	22	0.0221378	0.000934902	0.17
PMLBSc051	NZ_CP031221.1	10	0.0102425	0.000477761	0.08
PMLBSc051	NZ_CP037426.1	80	0.0881426	0.00462823	0.61
PMLBSc051	NC_010981.1	0	0	0	0.00
PMLBSc052	NC_002978.6	28	0.0651532	0.00146634	0.17
PMLBSc052	NC_006833.1	40	0.0662911	0.00209521	0.24
PMLBSc052	NC_012416.1	14	0.0369327	0.000763553	0.08
PMLBSc052	NC_010981.1	17	0.0970013	0.0012223	0.10
PMLBSc052	NC_018267.1	34	0.117329	0.00248437	0.20
PMLBSc052	NC_021084.1	11	0.0639872	0.000732819	0.07
PMLBSc052	NC_021089.1	6	0.0208365	0.00030946	0.04
PMLBSc052	NZ_HG810405.1	274	0.144594	0.0117456	1.65
PMLBSc052	NZ_AP013028.1	34	0.0872758	0.00233829	0.20
PMLBSc052	NZ_CM003641.1	28	0.0761151	0.00171281	0.17
PMLBSc052	NZ_CP031221.1	7	0.0136118	0.000251347	0.04
PMLBSc052	NZ_CP037426.1	33	0.0686211	0.00177838	0.20
PMLBSc053	NC_002978.6	2	0.00339175	6.7835e-05	0.01
PMLBSc053	NC_006833.1	18	0.00398117	0.000703649	0.13
PMLBSc053	NC_012416.1	6	0.019158	0.00038316	0.04
PMLBSc053	NC_018267.1	2	0.0173279	0.000173279	0.01
PMLBSc053	NC_021084.1	4	0.0175139	0.000204329	0.03
PMLBSc053	NZ_HG810405.1	250	0.02717	0.00918992	1.82
PMLBSc053	NZ_AP013028.1	12	0.0220789	0.000523975	0.09
PMLBSc053	NZ_CM003641.1	12	0.00379253	0.000455103	0.09
PMLBSc053	NZ_CP037426.1	28	0.00317964	0.000876989	0.20
PMLBSc053	NC_010981.1	0	0	0	0.00
PMLBSc053	NC_021089.1	0	0	0	0.00
PMLBSc053	NZ_CP031221.1	0	0	0	0.00
PMLBSc054	NC_002978.6	18	0.0381769	0.000957578	0.13
PMLBSc054	NC_006833.1	60	0.0240722	0.00250443	0.43
PMLBSc054	NC_012416.1	12	0.0419816	0.000674333	0.09
PMLBSc054	NC_010981.1	28	0.0224627	0.0014766	0.20
PMLBSc054	NC_018267.1	10	0.0133613	0.000350734	0.07
PMLBSc054	NC_021084.1	23	0.0198184	0.00104008	0.17
PMLBSc054	NC_021089.1	11	0.0315634	0.000600399	0.08
PMLBSc054	NZ_HG810405.1	367	0.0560056	0.0138161	2.66
PMLBSc054	NZ_AP013028.1	70	0.0469577	0.00280467	0.51
PMLBSc054	NZ_CM003641.1	82	0.00379253	0.00309135	0.59
PMLBSc054	NZ_CP031221.1	16	0.0221697	0.000544472	0.12
PMLBSc054	NZ_CP037426.1	66	0.00650717	0.00208451	0.48
PMLBSc055	NC_006833.1	14	0.0625877	0.000906411	0.29
PMLBSc055	NC_012416.1	6	0.0121034	0.000209562	0.13
PMLBSc055	NC_010981.1	2	0.00202367	4.04734e-05	0.04
PMLBSc055	NC_018267.1	9	0.0162841	0.000566812	0.19
PMLBSc055	NC_021084.1	6	0.016208	0.000260404	0.13
PMLBSc055	NC_021089.1	4	0.00787156	0.000136595	0.08
PMLBSc055	NZ_HG810405.1	253	0.0489268	0.00974997	5.28
PMLBSc055	NZ_AP013028.1	6	0.00343983	0.00020639	0.13
PMLBSc055	NZ_CM003641.1	8	0.00379253	0.000287526	0.17
PMLBSc055	NZ_CP031221.1	6	0.00289756	0.000173854	0.13
PMLBSc055	NZ_CP037426.1	13	0.00317964	0.000411135	0.27
PMLBSc055	NC_002978.6	0	0	0	0.00
PMLBSc056	NC_002978.6	262	0.183076	0.0211014	4.87
PMLBSc056	NC_006833.1	367	0.226927	0.0366194	6.83
PMLBSc056	NC_012416.1	225	0.149045	0.0158797	4.18
PMLBSc056	NC_010981.1	218	0.151775	0.0149725	4.05
PMLBSc056	NC_018267.1	548	0.261381	0.0576739	10.19
PMLBSc056	NC_021084.1	140	0.130663	0.00965185	2.60
PMLBSc056	NC_021089.1	177	0.16839	0.013306	3.29
PMLBSc056	NZ_HG810405.1	879	0.274823	0.0675284	16.35
PMLBSc056	NZ_AP013028.1	238	0.21575	0.0190687	4.43
PMLBSc056	NZ_CM003641.1	336	0.185569	0.0269649	6.25
PMLBSc056	NZ_CP031221.1	254	0.107075	0.0157499	4.72
PMLBSc056	NZ_CP037426.1	369	0.193662	0.0257396	6.86
PMLBSc057	NC_002978.6	2	0.00339175	6.7835e-05	0.04
PMLBSc057	NC_021084.1	4	0.00668294	0.000122905	0.07
PMLBSc057	NC_021089.1	2	0.0140453	0.000140453	0.04
PMLBSc057	NZ_HG810405.1	266	0.0235265	0.0096896	4.96
PMLBSc057	NZ_AP013028.1	2	0.0153593	0.000153593	0.04
PMLBSc057	NZ_CM003641.1	6	0.00379253	0.000227552	0.11
PMLBSc057	NZ_CP031221.1	2	0.00289756	5.79512e-05	0.04
PMLBSc057	NZ_CP037426.1	26	0.00798607	0.00128738	0.48
PMLBSc057	NC_006833.1	0	0	0	0.00
PMLBSc057	NC_012416.1	0	0	0	0.00
PMLBSc057	NC_010981.1	0	0	0	0.00
PMLBSc057	NC_018267.1	0	0	0	0.00
PMLBSc058	NC_002978.6	8	0.0189307	0.000357317	0.06
PMLBSc058	NC_006833.1	32	0.0465705	0.0015147	0.25
PMLBSc058	NC_012416.1	12	0.0280108	0.000542233	0.09
PMLBSc058	NC_010981.1	14	0.0216533	0.000545042	0.11
PMLBSc058	NC_018267.1	2	0.0239042	0.000239042	0.02
PMLBSc058	NC_021084.1	8	0.00330306	0.000261172	0.06
PMLBSc058	NC_021089.1	8	0.0033184	0.00026007	0.06
PMLBSc058	NZ_HG810405.1	206	0.00926487	0.00724117	1.58
PMLBSc058	NZ_AP013028.1	28	0.0313585	0.00115514	0.22
PMLBSc058	NZ_CM003641.1	10	0.0164931	0.000478035	0.08
PMLBSc058	NZ_CP031221.1	8	0.00289756	0.000229783	0.06
PMLBSc058	NZ_CP037426.1	22	0.0247716	0.000837798	0.17
PMLBSc059	NC_002978.6	4	0.018063	0.000214548	0.03
PMLBSc059	NC_006833.1	16	0.00398117	0.000627729	0.12
PMLBSc059	NC_012416.1	8	0.0426732	0.000452322	0.06
PMLBSc059	NC_010981.1	2	0.00290059	5.39645e-05	0.02
PMLBSc059	NC_018267.1	8	0.0589777	0.000638838	0.06
PMLBSc059	NC_021084.1	3	0.0137499	0.000137499	0.02
PMLBSc059	NC_021089.1	14	0.0370426	0.000900599	0.11
PMLBSc059	NZ_HG810405.1	123	0.0296684	0.00442944	0.92
PMLBSc059	NZ_AP013028.1	26	0.0611171	0.00149433	0.20
PMLBSc059	NZ_CM003641.1	28	0.0774381	0.00165107	0.21
PMLBSc059	NZ_CP031221.1	57	0.00896222	0.00164015	0.43
PMLBSc059	NZ_CP037426.1	10	0.00317964	0.000315006	0.08
PMLBSc060	NC_002978.6	27	0.0960733	0.00188597	0.22
PMLBSc060	NC_006833.1	77	0.144526	0.00553198	0.64
PMLBSc060	NC_012416.1	33	0.0813349	0.0019815	0.27
PMLBSc060	NC_010981.1	13	0.0442509	0.000794628	0.11
PMLBSc060	NC_018267.1	40	0.144574	0.00417645	0.33
PMLBSc060	NC_021084.1	5	0.00729746	0.000172066	0.04
PMLBSc060	NC_021089.1	13	0.061429	0.000736994	0.11
PMLBSc060	NZ_HG810405.1	238	0.141784	0.0109398	1.98
PMLBSc060	NZ_AP013028.1	43	0.0466378	0.00176952	0.36
PMLBSc060	NZ_CM003641.1	31	0.0545065	0.0014244	0.26
PMLBSc060	NZ_CP031221.1	12	0.0249325	0.000471022	0.10
PMLBSc060	NZ_CP037426.1	34	0.0683993	0.00168003	0.28
PMLBSc061	NC_002978.6	2833	3.93538	0.306632	22.03
PMLBSc061	NC_006833.1	102	0.53144	0.0105733	0.79
PMLBSc061	NC_012416.1	3498	4.18571	0.344456	27.20
PMLBSc061	NC_010981.1	199299	82.2965	19.9576	1549.58
PMLBSc061	NC_018267.1	31	0.300421	0.00341548	0.24
PMLBSc061	NC_021084.1	23083	29.0231	2.56445	179.47
PMLBSc061	NC_021089.1	4550	3.67363	0.48177	35.38
PMLBSc061	NZ_HG810405.1	527	0.258167	0.0217683	4.10
PMLBSc061	NZ_AP013028.1	545	1.06451	0.0568117	4.24
PMLBSc061	NZ_CM003641.1	6707	11.939	0.850881	52.15
PMLBSc061	NZ_CP031221.1	29581	33.1828	2.92268	230.00
PMLBSc061	NZ_CP037426.1	4516	4.93902	0.451017	35.11
PMLBSc062	NC_002978.6	8	0.00528482	0.00034233	0.06
PMLBSc062	NC_006833.1	18	0.0295347	0.00103696	0.14
PMLBSc062	NC_012416.1	2	0.00297398	5.94796e-05	0.02
PMLBSc062	NC_010981.1	6	0.0194947	0.000416202	0.05
PMLBSc062	NZ_HG810405.1	292	0.0259208	0.0108847	2.22
PMLBSc062	NZ_AP013028.1	10	0.00887957	0.000383982	0.08
PMLBSc062	NZ_CM003641.1	10	0.00379253	0.000376607	0.08
PMLBSc062	NZ_CP031221.1	2	0.00289756	5.79512e-05	0.02
PMLBSc062	NZ_CP037426.1	18	0.00813396	0.000594519	0.14
PMLBSc062	NC_018267.1	0	0	0	0.00
PMLBSc062	NC_021084.1	0	0	0	0.00
PMLBSc062	NC_021089.1	0	0	0	0.00
PMLBSc063	NC_002978.6	17	0.114215	0.00199798	0.50
PMLBSc063	NC_006833.1	18	0.0318494	0.000874006	0.53
PMLBSc063	NC_012416.1	12	0.0744879	0.000784301	0.35
PMLBSc063	NC_010981.1	16	0.119194	0.00144827	0.47
PMLBSc063	NC_018267.1	10	0.0458251	0.000840301	0.29
PMLBSc063	NC_021084.1	9	0.0476255	0.000607609	0.27
PMLBSc063	NC_021089.1	7	0.0686061	0.000805677	0.21
PMLBSc063	NZ_HG810405.1	18	0.0500719	0.000967086	0.53
PMLBSc063	NZ_AP013028.1	12	0.0477577	0.000647969	0.35
PMLBSc063	NZ_CM003641.1	6	0.028488	0.000399538	0.18
PMLBSc063	NZ_CP031221.1	136	0.0175201	0.00395618	4.01
PMLBSc063	NZ_CP037426.1	6	0.0252892	0.000345324	0.18
PMLBSc064	NC_002978.6	20	0.155389	0.00194592	0.54
PMLBSc064	NC_006833.1	4	0.00629581	0.000196281	0.11
PMLBSc064	NC_012416.1	6	0.0197113	0.000411516	0.16
PMLBSc064	NC_010981.1	64	0.400484	0.00613172	1.72
PMLBSc064	NC_018267.1	4	0.0385181	0.000437374	0.11
PMLBSc064	NC_021084.1	4	0.016208	0.000195111	0.11
PMLBSc064	NC_021089.1	4	0.0265472	0.000299428	0.11
PMLBSc064	NZ_HG810405.1	14	0.00707878	0.000476776	0.38
PMLBSc064	NZ_AP013028.1	16	0.0135993	0.000657568	0.43
PMLBSc064	NZ_CM003641.1	10	0.0161403	0.00042688	0.27
PMLBSc064	NZ_CP031221.1	158	0.111725	0.0054582	4.25
PMLBSc064	NZ_CP037426.1	6	0.00317964	0.000190778	0.16
PMLBSc065	NC_002978.6	233	1.61361	0.0258018	7.15
PMLBSc065	NC_006833.1	26	0.141008	0.00236648	0.80
PMLBSc065	NC_012416.1	279	1.7689	0.0271967	8.57
PMLBSc065	NC_010981.1	6084	31.3502	0.607812	186.81
PMLBSc065	NC_021084.1	799	5.23174	0.0890398	24.53
PMLBSc065	NC_021089.1	160	1.12394	0.0173097	4.91
PMLBSc065	NZ_HG810405.1	18	0.0122838	0.000688099	0.55
PMLBSc065	NZ_AP013028.1	12	0.0661568	0.000983953	0.37
PMLBSc065	NZ_CM003641.1	203	1.32677	0.02514	6.23
PMLBSc065	NZ_CP031221.1	991	5.78481	0.095976	30.43
PMLBSc065	NZ_CP037426.1	327	1.81794	0.0330328	10.04
PMLBSc065	NC_018267.1	0	0	0	0.00
PMLBSc066	NC_002978.6	4	0.0266607	0.000300525	0.12
PMLBSc066	NC_006833.1	12	0.0495332	0.000974924	0.35
PMLBSc066	NC_012416.1	19	0.0990405	0.00154025	0.55
PMLBSc066	NC_010981.1	144	0.976623	0.0136119	4.14
PMLBSc066	NC_018267.1	9	0.0617961	0.000990616	0.26
PMLBSc066	NC_021084.1	43	0.303497	0.00486241	1.24
PMLBSc066	NC_021089.1	10	0.0859698	0.000965424	0.29
PMLBSc066	NZ_HG810405.1	17	0.0234224	0.000684976	0.49
PMLBSc066	NZ_AP013028.1	1	0.00431979	4.31979e-05	0.03
PMLBSc066	NZ_CM003641.1	6	0.029811	0.000410122	0.17
PMLBSc066	NZ_CP031221.1	40	0.156401	0.0022756	1.15
PMLBSc066	NZ_CP037426.1	12	0.0692866	0.00101009	0.35
PMLBSc067	NC_002978.6	69	0.581094	0.00720313	1.68
PMLBSc067	NC_006833.1	22	0.0753645	0.00192855	0.54
PMLBSc067	NC_012416.1	19	0.15029	0.00177263	0.46
PMLBSc067	NC_010981.1	48	0.320414	0.00471313	1.17
PMLBSc067	NC_018267.1	19	0.111692	0.0024113	0.46
PMLBSc067	NC_021084.1	10	0.0599928	0.000867245	0.24
PMLBSc067	NC_021089.1	28	0.197484	0.0026663	0.68
PMLBSc067	NZ_HG810405.1	38	0.0957717	0.00204452	0.93
PMLBSc067	NZ_AP013028.1	6	0.020639	0.000489577	0.15
PMLBSc067	NZ_CM003641.1	8	0.0248719	0.000760269	0.20
PMLBSc067	NZ_CP031221.1	132	0.0564687	0.00413138	3.22
PMLBSc067	NZ_CP037426.1	22	0.151809	0.00189004	0.54
PMLBSc068	NC_002978.6	1830	5.89273	0.203078	35.00
PMLBSc068	NC_006833.1	130	0.614211	0.0128925	2.49
PMLBSc068	NC_012416.1	2143	6.83877	0.211105	40.99
PMLBSc068	NC_010981.1	41315	75.9773	4.1364	790.18
PMLBSc068	NC_018267.1	87	0.394576	0.00934561	1.66
PMLBSc068	NC_021084.1	5415	19.0975	0.605917	103.57
PMLBSc068	NC_021089.1	1071	3.78128	0.114389	20.48
PMLBSc068	NZ_HG810405.1	93	0.35904	0.0080063	1.78
PMLBSc068	NZ_AP013028.1	158	0.62973	0.0141313	3.02
PMLBSc068	NZ_CM003641.1	1145	5.30574	0.143193	21.90
PMLBSc068	NZ_CP031221.1	6227	19.5197	0.609052	119.10
PMLBSc068	NZ_CP037426.1	1965	5.3307	0.196506	37.58
PMLBSc069	NC_002978.6	143	0.191673	0.0091388	0.99
PMLBSc069	NC_006833.1	293	0.22276	0.0166515	2.02
PMLBSc069	NC_012416.1	141	0.129956	0.00731185	0.97
PMLBSc069	NC_010981.1	235	0.591789	0.0148881	1.62
PMLBSc069	NC_018267.1	228	0.219731	0.0214031	1.57
PMLBSc069	NC_021084.1	129	0.208093	0.00863558	0.89
PMLBSc069	NC_021089.1	93	0.15473	0.00491046	0.64
PMLBSc069	NZ_HG810405.1	1408	0.238701	0.0569175	9.70
PMLBSc069	NZ_AP013028.1	438	0.20959	0.0223557	3.02
PMLBSc069	NZ_CM003641.1	276	0.196947	0.0154779	1.90
PMLBSc069	NZ_CP031221.1	535	0.164891	0.01876	3.69
PMLBSc069	NZ_CP037426.1	287	0.178282	0.0134536	1.98
PMLBSc070	NC_002978.6	81	0.193803	0.00483127	0.88
PMLBSc070	NC_006833.1	156	0.0720314	0.00675966	1.69
PMLBSc070	NC_012416.1	63	0.0657734	0.00265583	0.68
PMLBSc070	NC_010981.1	71	0.101453	0.00276298	0.77
PMLBSc070	NC_018267.1	27	0.0410234	0.0014259	0.29
PMLBSc070	NC_021084.1	58	0.0586869	0.00231214	0.63
PMLBSc070	NC_021089.1	52	0.025081	0.00188223	0.56
PMLBSc070	NZ_HG810405.1	719	0.0779706	0.0248528	7.81
PMLBSc070	NZ_AP013028.1	191	0.0787162	0.00722525	2.08
PMLBSc070	NZ_CM003641.1	201	0.0312222	0.00756388	2.18
PMLBSc070	NZ_CP031221.1	583	0.0405658	0.0168139	6.33
PMLBSc070	NZ_CP037426.1	236	0.107442	0.00819238	2.56
PMLBSc071	NC_002978.6	70	0.113742	0.00439981	0.60
PMLBSc071	NC_006833.1	183	0.126749	0.00885579	1.57
PMLBSc071	NC_012416.1	106	0.108654	0.00545069	0.91
PMLBSc071	NC_010981.1	57	0.0787208	0.00320077	0.49
PMLBSc071	NC_018267.1	171	0.208353	0.012401	1.47
PMLBSc071	NC_021084.1	86	0.0984773	0.00450829	0.74
PMLBSc071	NC_021089.1	50	0.0319493	0.00201188	0.43
PMLBSc071	NZ_HG810405.1	2756	0.191231	0.101585	23.68
PMLBSc071	NZ_AP013028.1	236	0.145113	0.0109755	2.03
PMLBSc071	NZ_CM003641.1	179	0.134855	0.00899446	1.54
PMLBSc071	NZ_CP031221.1	130	0.116105	0.00590563	1.12
PMLBSc071	NZ_CP037426.1	201	0.128591	0.00826559	1.73
PMLBSc072	NC_002978.6	154	0.69594	0.0133469	26.47
PMLBSc072	NC_006833.1	50	0.0684206	0.00284422	8.60
PMLBSc072	NC_012416.1	174	0.69031	0.0126118	29.91
PMLBSc072	NC_010981.1	3121	13.2021	0.257	536.51
PMLBSc072	NC_018267.1	14	0.0712951	0.00144052	2.41
PMLBSc072	NC_021084.1	615	2.64214	0.0509109	105.72
PMLBSc072	NC_021089.1	82	0.480165	0.00790089	14.10
PMLBSc072	NZ_HG810405.1	92	0.0716206	0.0038902	15.82
PMLBSc072	NZ_AP013028.1	30	0.0604771	0.00154953	5.16
PMLBSc072	NZ_CM003641.1	217	0.936137	0.0169332	37.30
PMLBSc072	NZ_CP031221.1	655	2.47748	0.0471851	112.60
PMLBSc072	NZ_CP037426.1	164	0.663214	0.0128088	28.19
PMLBSc073	NC_002978.6	3310	5.58503	0.300155	14.12
PMLBSc073	NC_006833.1	2597	0.42543	0.159444	11.08
PMLBSc073	NC_012416.1	4039	6.97897	0.330019	17.23
PMLBSc073	NC_010981.1	74076	76.9949	6.26806	315.96
PMLBSc073	NC_018267.1	164	0.30564	0.0127475	0.70
PMLBSc073	NC_021084.1	13709	25.6906	1.22886	58.47
PMLBSc073	NC_021089.1	2197	3.99752	0.19182	9.37
PMLBSc073	NZ_HG810405.1	3938	0.240991	0.141934	16.80
PMLBSc073	NZ_AP013028.1	776	0.653009	0.0412348	3.31
PMLBSc073	NZ_CM003641.1	4529	9.77202	0.380391	19.32
PMLBSc073	NZ_CP031221.1	17658	26.6159	1.29127	75.32
PMLBSc073	NZ_CP037426.1	4454	5.11456	0.354273	19.00
PMLBSc074	NC_002978.6	2888	5.32505	0.265387	22.34
PMLBSc074	NC_006833.1	1811	0.498387	0.117495	14.01
PMLBSc074	NC_012416.1	3404	6.47878	0.277421	26.33
PMLBSc074	NC_010981.1	61351	75.2141	5.21937	474.59
PMLBSc074	NC_018267.1	101	0.186432	0.0066817	0.78
PMLBSc074	NC_021084.1	11165	24.3017	1.00066	86.37
PMLBSc074	NC_021089.1	1806	3.59213	0.160322	13.97
PMLBSc074	NZ_HG810405.1	1705	0.205389	0.0611794	13.19
PMLBSc074	NZ_AP013028.1	293	0.491016	0.0193415	2.27
PMLBSc074	NZ_CM003641.1	3415	8.68515	0.298728	26.42
PMLBSc074	NZ_CP031221.1	14334	23.6781	1.04902	110.88
PMLBSc074	NZ_CP037426.1	3209	4.85465	0.26468	24.82
PMLBSc075	NC_002978.6	6196	17.1526	0.604856	48.75
PMLBSc075	NC_006833.1	1139	0.430985	0.0713028	8.96
PMLBSc075	NC_012416.1	5843	10.8196	0.492554	45.97
PMLBSc075	NC_010981.1	93474	78.6387	8.13588	735.49
PMLBSc075	NC_018267.1	153	0.263573	0.0129928	1.20
PMLBSc075	NC_021084.1	16510	28.5469	1.52654	129.91
PMLBSc075	NC_021089.1	3369	7.09567	0.313056	26.51
PMLBSc075	NZ_HG810405.1	2142	0.288356	0.0786379	16.85
PMLBSc075	NZ_AP013028.1	540	0.734285	0.0357207	4.25
PMLBSc075	NZ_CM003641.1	4472	10.2254	0.420369	35.19
PMLBSc075	NZ_CP031221.1	19646	29.0789	1.56587	154.58
PMLBSc075	NZ_CP037426.1	5775	8.95342	0.498552	45.44
PMLBSc076	NC_002978.6	196	0.52935	0.01465	1.10
PMLBSc076	NC_006833.1	241	0.139434	0.0130953	1.35
PMLBSc076	NC_012416.1	93	0.181897	0.00540227	0.52
PMLBSc076	NC_010981.1	91	0.200074	0.00525547	0.51
PMLBSc076	NC_018267.1	153	0.238207	0.0116035	0.86
PMLBSc076	NC_021084.1	70	0.131892	0.00364258	0.39
PMLBSc076	NC_021089.1	90	0.273575	0.00580643	0.50
PMLBSc076	NZ_HG810405.1	3032	0.228082	0.109024	16.98
PMLBSc076	NZ_AP013028.1	183	0.197751	0.0101187	1.02
PMLBSc076	NZ_CM003641.1	182	0.155935	0.00984469	1.02
PMLBSc076	NZ_CP031221.1	701	0.118598	0.0223752	3.93
PMLBSc076	NZ_CP037426.1	166	0.249639	0.00832696	0.93
PMLBSc077	NC_002978.6	85	0.138904	0.00483837	0.46
PMLBSc077	NC_006833.1	231	0.101659	0.0104992	1.25
PMLBSc077	NC_012416.1	87	0.18743	0.00452806	0.47
PMLBSc077	NC_010981.1	368	1.58899	0.0281209	2.00
PMLBSc077	NC_018267.1	64	0.11973	0.00447499	0.35
PMLBSc077	NC_021084.1	124	0.350432	0.0076293	0.67
PMLBSc077	NC_021089.1	93	0.194242	0.00486725	0.50
PMLBSc077	NZ_HG810405.1	4553	0.160105	0.152803	24.69
PMLBSc077	NZ_AP013028.1	227	0.127114	0.00930675	1.23
PMLBSc077	NZ_CM003641.1	234	0.164666	0.0106473	1.27
PMLBSc077	NZ_CP031221.1	1567	0.328031	0.0481602	8.50
PMLBSc077	NZ_CP037426.1	260	0.163936	0.0101098	1.41
